Month,DayofMonth,DayOfWeek,CarrierName,ActualDeptTime,SchedDeptTime,DeptDelay,ActualArrvTime,SchedArrvTime,ArrvDelay,ActualElapsedTime,SchedElapsedTime,AirTime,TaxiIn,TaxiOut
1,1,T,Northwest Airlines Inc.,1654,1655,-1,1745,1758,-13,111,123,90,11,10
1,1,T,Northwest Airlines Inc.,707,710,-3,802,818,-16,115,128,90,7,18
1,1,T,United Air Lines Inc.,656,630,26,745,738,7,109,128,96,4,9
1,2,W,Northwest Airlines Inc.,1400,1317,43,1447,1418,29,107,121,94,5,8
1,2,W,Northwest Airlines Inc.,708,710,-2,812,818,-6,124,128,92,7,25
1,2,W,Northwest Airlines Inc.,931,926,5,1034,1030,4,123,124,94,9,20
1,2,W,Northwest Airlines Inc.,1427,1427,0,1529,1528,1,122,121,97,14,11
1,3,TH,United Air Lines Inc.,841,845,-4,939,1002,-23,118,137,97,8,13
1,3,TH,Northwest Airlines Inc.,709,710,-1,817,818,-1,128,128,96,8,24
1,3,TH,United Air Lines Inc.,1202,1208,-6,1300,1315,-15,118,127,100,6,12
1,4,F,United Air Lines Inc.,626,630,-4,738,738,0,132,128,105,6,21
1,5,SA,Northwest Airlines Inc.,1825,1655,90,1935,1758,97,130,123,104,11,15
1,5,SA,Northwest Airlines Inc.,708,710,-2,834,818,16,146,128,99,7,40
1,5,SA,Northwest Airlines Inc.,1121,1125,-4,1239,1230,9,138,125,102,9,27
1,6,SU,Northwest Airlines Inc.,1420,1427,-7,1546,1528,18,146,121,111,8,27
1,6,SU,Northwest Airlines Inc.,1314,1317,-3,1437,1418,19,143,121,121,6,16
1,6,SU,United Air Lines Inc.,719,630,49,854,738,76,155,128,120,6,29
1,6,SU,Northwest Airlines Inc.,1130,1125,5,1242,1230,12,132,125,114,7,11
1,6,SU,United Air Lines Inc.,1423,1427,-4,1538,1531,7,135,124,113,9,13
1,7,M,Northwest Airlines Inc.,1705,1655,10,1812,1756,16,127,121,110,5,12
1,7,M,United Air Lines Inc.,1447,1450,-3,1557,1554,3,130,124,109,9,12
1,7,M,United Air Lines Inc.,1845,1845,0,1947,1956,-9,122,131,100,8,14
1,8,T,United Air Lines Inc.,950,630,200,1050,738,192,120,128,98,6,16
1,10,TH,Northwest Airlines Inc.,656,700,-4,806,809,-3,130,129,94,7,29
1,10,TH,United Air Lines Inc.,627,630,-3,723,738,-15,116,128,98,5,13
1,10,TH,United Air Lines Inc.,1157,1205,-8,1251,1311,-20,114,126,97,5,12
1,10,TH,Northwest Airlines Inc.,917,920,-3,1016,1025,-9,119,125,96,8,15
1,11,F,Northwest Airlines Inc.,1650,1655,-5,1741,1756,-15,111,121,94,7,10
1,11,F,Northwest Airlines Inc.,918,920,-2,1021,1025,-4,123,125,94,14,15
1,12,SA,Northwest Airlines Inc.,921,920,1,1037,1025,12,136,125,90,8,38
1,12,SA,Northwest Airlines Inc.,1432,1426,6,1523,1529,-6,111,123,90,10,11
1,13,SU,United Air Lines Inc.,624,630,-6,713,738,-25,109,128,96,5,8
1,13,SU,Northwest Airlines Inc.,1505,1426,39,1559,1529,30,114,123,93,9,12
1,13,SU,Northwest Airlines Inc.,1159,1200,-1,1247,1305,-18,108,125,88,6,14
1,14,M,United Air Lines Inc.,910,915,-5,1015,1034,-19,125,139,94,10,21
1,14,M,Northwest Airlines Inc.,2142,2145,-3,2225,2244,-19,103,119,87,8,8
1,14,M,Northwest Airlines Inc.,1423,1426,-3,1508,1529,-21,105,123,85,9,11
1,14,M,United Air Lines Inc.,626,630,-4,721,738,-17,115,128,90,7,18
1,14,M,United Air Lines Inc.,1440,1450,-10,1524,1554,-30,104,124,81,9,14
1,15,T,Northwest Airlines Inc.,1651,1655,-4,1812,1756,16,141,121,106,13,22
1,15,T,United Air Lines Inc.,1842,1849,-7,1944,2000,-16,122,131,98,9,15
1,15,T,Northwest Airlines Inc.,2143,2145,-2,2245,2244,1,122,119,101,5,16
1,16,W,Northwest Airlines Inc.,1437,1426,11,1600,1529,31,143,123,100,12,31
1,16,W,Northwest Airlines Inc.,1156,1200,-4,1327,1305,22,151,125,104,14,33
1,16,W,United Air Lines Inc.,630,630,0,803,738,25,153,128,124,11,18
1,17,TH,United Air Lines Inc.,628,630,-2,715,738,-23,107,128,93,5,9
1,17,TH,Northwest Airlines Inc.,2141,2145,-4,2228,2244,-16,107,119,90,7,10
1,17,TH,United Air Lines Inc.,1202,1205,-3,1303,1311,-8,121,126,96,11,14
1,17,TH,Northwest Airlines Inc.,659,700,-1,755,809,-14,116,129,93,8,15
1,17,TH,Northwest Airlines Inc.,917,920,-3,1007,1025,-18,110,125,91,9,10
1,18,F,United Air Lines Inc.,1149,915,154,1252,1034,138,123,139,97,4,22
1,18,F,United Air Lines Inc.,1238,1205,33,1352,1311,41,134,126,99,7,28
1,18,F,Northwest Airlines Inc.,2145,2145,0,2252,2244,8,127,119,103,8,16
1,19,SA,Northwest Airlines Inc.,948,920,28,1050,1025,25,122,125,96,12,14
1,19,SA,Northwest Airlines Inc.,1759,1655,64,1851,1756,55,112,121,94,7,11
1,20,SU,United Air Lines Inc.,1854,1846,8,2031,1956,35,157,130,117,10,30
1,20,SU,Northwest Airlines Inc.,919,920,-1,1016,1025,-9,117,125,98,8,11
1,20,SU,Northwest Airlines Inc.,1218,1200,18,1316,1305,11,118,125,99,10,9
1,20,SU,Northwest Airlines Inc.,2150,2145,5,2251,2244,7,121,119,104,7,10
1,21,M,United Air Lines Inc.,1913,1849,24,2044,2000,44,151,131,116,9,26
1,21,M,Northwest Airlines Inc.,1749,1655,54,1947,1756,111,178,121,114,11,53
1,21,M,Northwest Airlines Inc.,1426,1426,0,1629,1529,60,183,123,118,13,52
1,21,M,United Air Lines Inc.,1218,1205,13,1407,1311,56,169,126,119,9,41
1,23,W,Northwest Airlines Inc.,2145,2145,0,2232,2244,-12,107,119,92,7,8
1,23,W,Northwest Airlines Inc.,654,700,-6,759,809,-10,125,129,104,8,13
1,24,TH,United Air Lines Inc.,814,630,104,916,738,98,122,128,103,8,11
1,24,TH,United Air Lines Inc.,1845,1849,-4,1952,2000,-8,127,131,106,10,11
1,24,TH,Northwest Airlines Inc.,657,700,-3,823,809,14,146,129,92,7,47
1,24,TH,United Air Lines Inc.,909,915,-6,1027,1034,-7,138,139,100,4,34
1,24,TH,Northwest Airlines Inc.,1431,1426,5,1530,1529,1,119,123,97,7,15
1,24,TH,Northwest Airlines Inc.,1152,1200,-8,1256,1305,-9,124,125,97,9,18
1,25,F,Northwest Airlines Inc.,1444,1426,18,1548,1529,19,124,123,99,9,16
1,25,F,Northwest Airlines Inc.,2143,2145,-2,2256,2244,12,133,119,104,5,24
1,25,F,Northwest Airlines Inc.,917,920,-3,1021,1025,-4,124,125,100,9,15
1,26,SA,Northwest Airlines Inc.,916,920,-4,1028,1025,3,132,125,98,9,25
1,26,SA,United Air Lines Inc.,1202,1205,-3,1308,1311,-3,126,126,102,8,16
1,26,SA,United Air Lines Inc.,629,630,-1,742,738,4,133,128,102,8,23
1,26,SA,Northwest Airlines Inc.,2142,2145,-3,2253,2244,9,131,119,95,9,27
1,26,SA,Northwest Airlines Inc.,1424,1426,-2,1516,1529,-13,112,123,96,6,10
1,26,SA,United Air Lines Inc.,838,845,-7,946,1004,-18,128,139,100,7,21
1,27,SU,Northwest Airlines Inc.,2205,2145,20,2312,2244,28,127,119,109,7,11
1,27,SU,United Air Lines Inc.,908,915,-7,1013,1034,-21,125,139,108,5,12
1,27,SU,United Air Lines Inc.,1848,1846,2,1956,1959,-3,128,133,110,6,12
1,28,M,United Air Lines Inc.,1204,1205,-1,1311,1311,0,127,126,108,7,12
1,28,M,United Air Lines Inc.,1441,1450,-9,1551,1554,-3,130,124,108,8,14
1,28,M,United Air Lines Inc.,1842,1849,-7,1951,2000,-9,129,131,106,6,17
1,29,T,Northwest Airlines Inc.,1718,1655,23,1819,1756,23,121,121,96,6,19
1,29,T,Northwest Airlines Inc.,914,920,-6,1016,1025,-9,122,125,99,10,13
1,29,T,United Air Lines Inc.,1201,1205,-4,1300,1311,-11,119,126,104,4,11
1,30,W,United Air Lines Inc.,1843,1849,-6,1950,2000,-10,127,131,104,11,12
1,30,W,United Air Lines Inc.,628,630,-2,744,738,6,136,128,110,7,19
1,30,W,Northwest Airlines Inc.,1425,1426,-1,1525,1529,-4,120,123,100,8,12
1,30,W,United Air Lines Inc.,1156,1205,-9,1300,1311,-11,124,126,108,7,9
1,31,TH,United Air Lines Inc.,1001,915,46,1059,1034,25,118,139,96,7,15
1,31,TH,United Air Lines Inc.,1213,1205,8,1310,1311,-1,117,126,99,5,13
1,31,TH,Northwest Airlines Inc.,1442,1426,16,1541,1529,12,119,123,94,7,18
2,1,F,United Air Lines Inc.,1547,1450,57,1654,1554,60,127,124,106,7,14
2,1,F,United Air Lines Inc.,1923,1845,38,2042,1958,44,139,133,110,8,21
2,1,F,United Air Lines Inc.,1328,1205,83,1443,1311,92,135,126,111,8,16
2,1,F,United Air Lines Inc.,914,630,164,1037,738,179,143,128,112,12,19
2,1,F,Northwest Airlines Inc.,1653,1655,-2,1800,1756,4,127,121,102,10,15
2,2,SA,Northwest Airlines Inc.,1225,1200,25,1328,1305,23,123,125,100,7,16
2,2,SA,United Air Lines Inc.,1213,1205,8,1313,1311,2,120,126,103,7,10
2,2,SA,Northwest Airlines Inc.,1423,1426,-3,1531,1529,2,128,123,101,9,18
2,3,SU,Northwest Airlines Inc.,920,920,0,1030,1025,5,130,125,102,9,19
2,4,M,United Air Lines Inc.,1948,1845,63,2114,1958,76,146,133,118,11,17
2,4,M,United Air Lines Inc.,1340,1205,95,1518,1311,127,158,126,127,6,25
2,6,W,Northwest Airlines Inc.,1200,1200,0,1249,1305,-16,109,125,94,5,10
2,6,W,United Air Lines Inc.,1845,1849,-4,1954,2000,-6,129,131,104,9,16
2,7,TH,United Air Lines Inc.,1300,1205,55,1400,1311,49,120,126,102,6,12
2,7,TH,Northwest Airlines Inc.,1227,1200,27,1333,1305,28,126,125,99,11,16
2,7,TH,Northwest Airlines Inc.,936,920,16,1044,1025,19,128,125,94,8,26
2,7,TH,Northwest Airlines Inc.,659,700,-1,823,809,14,144,129,93,8,43
2,7,TH,Northwest Airlines Inc.,1423,1426,-3,1529,1529,0,126,123,106,7,13
2,8,F,Northwest Airlines Inc.,923,920,3,1050,1025,25,147,125,96,14,37
2,8,F,United Air Lines Inc.,1446,1450,-4,1539,1554,-15,113,124,97,7,9
2,8,F,United Air Lines Inc.,1840,1845,-5,1945,1958,-13,125,133,103,11,11
2,8,F,United Air Lines Inc.,909,915,-6,1032,1034,-2,143,139,103,9,31
2,9,SA,Northwest Airlines Inc.,1204,1200,4,1454,1305,109,230,125,100,12,118
2,9,SA,Northwest Airlines Inc.,1704,1655,9,1807,1756,11,123,121,103,10,10
2,10,SU,Northwest Airlines Inc.,1657,1655,2,1756,1756,0,119,121,101,5,13
2,10,SU,Northwest Airlines Inc.,2143,2145,-2,2243,2244,-1,120,119,98,7,15
2,11,M,Northwest Airlines Inc.,1422,1426,-4,1527,1529,-2,125,123,99,11,15
2,12,T,United Air Lines Inc.,630,630,0,735,738,-3,125,128,95,11,19
2,12,T,Northwest Airlines Inc.,654,700,-6,756,809,-13,122,129,92,9,21
2,13,W,Northwest Airlines Inc.,2142,2145,-3,2333,2244,49,171,119,108,6,57
2,13,W,United Air Lines Inc.,1207,1207,0,1311,1313,-2,124,126,103,7,14
2,13,W,Northwest Airlines Inc.,1156,1200,-4,1255,1305,-10,119,125,98,6,15
2,13,W,United Air Lines Inc.,1854,1847,7,2004,2000,4,130,133,111,5,14
2,14,TH,Northwest Airlines Inc.,657,700,-3,839,808,31,162,128,110,9,43
2,14,TH,United Air Lines Inc.,630,630,0,810,738,32,160,128,118,7,35
2,14,TH,Northwest Airlines Inc.,1656,1650,6,1801,1754,7,125,124,105,9,11
2,14,TH,United Air Lines Inc.,1409,1407,2,1518,1513,5,129,126,108,7,14
2,15,F,Northwest Airlines Inc.,908,910,-2,1016,1017,-1,128,127,97,10,21
2,16,SA,Northwest Airlines Inc.,1205,1200,5,1313,1304,9,128,124,100,9,19
2,16,SA,United Air Lines Inc.,840,845,-5,934,1004,-30,114,139,97,6,11
2,16,SA,United Air Lines Inc.,1900,1857,3,2009,2010,-1,129,133,107,9,13
2,17,SU,United Air Lines Inc.,1234,1207,27,1332,1313,19,118,126,101,7,10
2,17,SU,United Air Lines Inc.,946,845,61,1111,1004,67,145,139,103,24,18
2,17,SU,United Air Lines Inc.,1500,1407,53,1623,1513,70,143,126,115,11,17
2,17,SU,United Air Lines Inc.,1843,1848,-5,1944,2001,-17,121,133,98,6,17
2,17,SU,Northwest Airlines Inc.,1159,1200,-1,1314,1304,10,135,124,99,7,29
2,18,M,Northwest Airlines Inc.,1156,1200,-4,1252,1304,-12,116,124,99,7,10
2,18,M,United Air Lines Inc.,1202,1207,-5,1300,1313,-13,118,126,98,5,15
2,18,M,Northwest Airlines Inc.,1314,1318,-4,1416,1423,-7,122,125,100,9,13
2,18,M,Northwest Airlines Inc.,719,700,19,821,808,13,122,128,93,12,17
2,19,T,United Air Lines Inc.,958,845,73,1108,1004,64,130,139,103,8,19
2,19,T,United Air Lines Inc.,713,630,43,825,738,47,132,128,102,5,25
2,20,W,Northwest Airlines Inc.,1157,1200,-3,1304,1304,0,127,124,100,8,19
2,21,TH,Northwest Airlines Inc.,2141,2145,-4,2231,2248,-17,110,123,89,9,12
2,21,TH,United Air Lines Inc.,1846,1847,-1,1943,2000,-17,117,133,90,16,11
2,21,TH,Northwest Airlines Inc.,1651,1650,1,1742,1754,-12,111,124,91,7,13
2,22,F,Northwest Airlines Inc.,1212,1200,12,1259,1304,-5,107,124,87,6,14
2,22,F,United Air Lines Inc.,624,630,-6,727,738,-11,123,128,95,6,22
2,23,SA,Northwest Airlines Inc.,1645,1650,-5,1742,1754,-12,117,124,95,8,14
2,23,SA,United Air Lines Inc.,1157,1158,-1,1301,1304,-3,124,126,96,15,13
2,24,SU,Northwest Airlines Inc.,2144,2145,-1,2258,2248,10,134,123,102,11,21
2,25,M,Northwest Airlines Inc.,907,910,-3,1013,1017,-4,126,127,105,9,12
2,25,M,United Air Lines Inc.,1405,1407,-2,1500,1513,-13,115,126,99,8,8
2,25,M,United Air Lines Inc.,1846,1847,-1,1956,2000,-4,130,133,107,10,13
2,26,T,Northwest Airlines Inc.,2205,2145,20,2259,2248,11,114,123,87,8,19
2,26,T,United Air Lines Inc.,623,630,-7,724,738,-14,121,128,105,7,9
2,26,T,United Air Lines Inc.,1404,1407,-3,1452,1513,-21,108,126,95,7,6
2,26,T,Northwest Airlines Inc.,654,700,-6,801,808,-7,127,128,102,9,16
2,27,W,United Air Lines Inc.,1405,1407,-2,1458,1513,-15,113,126,99,5,9
2,27,W,Northwest Airlines Inc.,1655,1650,5,1753,1754,-1,118,124,94,8,16
2,27,W,United Air Lines Inc.,1204,1207,-3,1256,1313,-17,112,126,95,5,12
2,27,W,Northwest Airlines Inc.,657,700,-3,747,808,-21,110,128,90,9,11
2,28,TH,United Air Lines Inc.,629,630,-1,740,738,2,131,128,107,9,15
2,28,TH,Northwest Airlines Inc.,917,910,7,1028,1017,11,131,127,103,10,18
2,29,F,United Air Lines Inc.,631,630,1,726,738,-12,115,128,94,6,15
3,1,SA,Northwest Airlines Inc.,945,910,35,1052,1017,35,127,127,94,8,25
3,1,SA,Northwest Airlines Inc.,1434,1436,-2,1536,1538,-2,122,122,100,8,14
3,1,SA,United Air Lines Inc.,1155,1158,-3,1250,1304,-14,115,126,100,4,11
3,1,SA,United Air Lines Inc.,628,630,-2,723,738,-15,115,128,97,5,13
3,2,SU,United Air Lines Inc.,1429,1407,22,1549,1513,36,140,126,114,9,17
3,2,SU,United Air Lines Inc.,1200,1207,-7,1317,1313,4,137,126,114,10,13
3,3,M,Northwest Airlines Inc.,1239,1200,39,1336,1304,32,117,124,97,6,14
3,3,M,Northwest Airlines Inc.,1433,1436,-3,1543,1538,5,130,122,94,11,25
3,4,T,Northwest Airlines Inc.,909,910,-1,1041,1017,24,152,127,112,13,27
3,4,T,Northwest Airlines Inc.,2138,2145,-7,2231,2248,-17,113,123,95,6,12
3,4,T,United Air Lines Inc.,616,620,-4,726,728,-2,130,128,108,8,14
3,4,T,Northwest Airlines Inc.,1154,1200,-6,1307,1304,3,133,124,103,12,18
3,4,T,United Air Lines Inc.,1852,1902,-10,2006,2015,-9,134,133,110,8,16
3,5,W,Northwest Airlines Inc.,1737,1650,47,1838,1754,44,121,124,96,10,15
3,5,W,Northwest Airlines Inc.,927,910,17,1100,1017,43,153,127,108,10,35
3,5,W,United Air Lines Inc.,621,620,1,802,728,34,161,128,112,11,38
3,6,TH,United Air Lines Inc.,1403,1407,-4,1458,1513,-15,115,126,102,3,10
3,6,TH,Northwest Airlines Inc.,1310,1318,-8,1414,1423,-9,124,125,98,10,16
3,7,F,United Air Lines Inc.,1209,1207,2,1256,1313,-17,107,126,90,7,10
3,7,F,United Air Lines Inc.,753,755,-2,855,914,-19,122,139,95,7,20
3,8,SA,United Air Lines Inc.,619,620,-1,712,728,-16,113,128,94,7,12
3,9,SU,Northwest Airlines Inc.,1655,1650,5,1743,1754,-11,108,124,90,9,9
3,9,SU,Northwest Airlines Inc.,1222,1200,22,1311,1304,7,109,124,89,6,14
3,10,M,United Air Lines Inc.,1913,1902,11,2014,2015,-1,121,133,93,13,15
3,10,M,Northwest Airlines Inc.,1649,1650,-1,1737,1754,-17,108,124,91,10,7
3,10,M,United Air Lines Inc.,616,620,-4,715,728,-13,119,128,98,6,15
3,11,T,United Air Lines Inc.,752,755,-3,855,914,-19,123,139,92,16,15
3,12,W,Northwest Airlines Inc.,2139,2145,-6,2237,2248,-11,118,123,92,7,19
3,12,W,United Air Lines Inc.,1204,1207,-3,1303,1313,-10,119,126,102,6,11
3,12,W,Northwest Airlines Inc.,1314,1318,-4,1424,1423,1,130,125,103,10,17
3,13,TH,Northwest Airlines Inc.,1429,1436,-7,1522,1538,-16,113,122,94,8,11
3,13,TH,United Air Lines Inc.,1902,1902,0,2011,2015,-4,129,133,105,11,13
3,13,TH,United Air Lines Inc.,1201,1207,-6,1300,1313,-13,119,126,99,8,12
3,14,F,Northwest Airlines Inc.,908,910,-2,1022,1017,5,134,127,99,9,26
3,14,F,Northwest Airlines Inc.,2134,2145,-11,2232,2248,-16,118,123,93,6,19
3,16,SU,United Air Lines Inc.,1216,1207,9,1331,1313,18,135,126,118,6,11
3,16,SU,Northwest Airlines Inc.,1502,1436,26,1617,1538,39,135,122,114,7,14
3,16,SU,Northwest Airlines Inc.,1155,1200,-5,1341,1304,37,166,124,137,8,21
3,17,M,United Air Lines Inc.,819,755,24,952,914,38,153,139,119,6,28
3,17,M,Northwest Airlines Inc.,2156,2145,11,2324,2248,36,148,123,106,6,36
3,17,M,United Air Lines Inc.,616,620,-4,757,728,29,161,128,135,7,19
3,17,M,Northwest Airlines Inc.,917,910,7,1056,1017,39,159,127,125,9,25
3,18,T,Northwest Airlines Inc.,2227,2145,42,2320,2248,32,113,123,96,6,11
3,18,T,Northwest Airlines Inc.,1456,1436,20,1604,1538,26,128,122,107,9,12
3,18,T,United Air Lines Inc.,1229,1207,22,1337,1313,24,128,126,115,5,8
3,18,T,Northwest Airlines Inc.,1217,1200,17,1329,1304,25,132,124,110,6,16
3,18,T,Northwest Airlines Inc.,925,910,15,1051,1017,34,146,127,115,8,23
3,18,T,United Air Lines Inc.,753,755,-2,935,914,21,162,139,111,5,46
3,18,T,Northwest Airlines Inc.,700,700,0,907,808,59,187,128,122,9,56
3,19,W,United Air Lines Inc.,620,620,0,720,728,-8,120,128,103,7,10
3,19,W,United Air Lines Inc.,757,755,2,901,914,-13,124,139,100,6,18
3,20,TH,Northwest Airlines Inc.,1008,910,58,1120,1017,63,132,127,105,7,20
3,20,TH,United Air Lines Inc.,1413,1407,6,1540,1513,27,147,126,116,13,18
3,20,TH,Northwest Airlines Inc.,1312,1318,-6,1420,1423,-3,128,125,104,10,14
3,20,TH,Northwest Airlines Inc.,1201,1200,1,1308,1304,4,127,124,104,10,13
3,20,TH,United Air Lines Inc.,750,755,-5,858,914,-16,128,139,110,8,10
3,21,F,Northwest Airlines Inc.,1319,1318,1,1442,1423,19,143,125,101,9,33
3,22,SA,Northwest Airlines Inc.,935,910,25,1105,1017,48,150,127,100,8,42
3,22,SA,United Air Lines Inc.,1156,1158,-2,1303,1304,-1,127,126,103,8,16
3,22,SA,Northwest Airlines Inc.,2142,2145,-3,2257,2248,9,135,123,100,7,28
3,22,SA,United Air Lines Inc.,753,755,-2,922,914,8,149,139,110,6,33
3,22,SA,United Air Lines Inc.,1524,1525,-1,1626,1629,-3,122,124,103,7,12
3,22,SA,United Air Lines Inc.,1903,1902,1,2023,2015,8,140,133,114,10,16
3,23,SU,United Air Lines Inc.,1359,1407,-8,1452,1513,-21,113,126,97,6,10
3,23,SU,United Air Lines Inc.,1924,1902,22,2021,2015,6,117,133,96,6,15
3,24,M,Northwest Airlines Inc.,913,910,3,1017,1017,0,124,127,100,8,16
3,24,M,United Air Lines Inc.,748,755,-7,850,914,-24,122,139,104,5,13
3,24,M,United Air Lines Inc.,1206,1207,-1,1312,1313,-1,126,126,105,9,12
3,24,M,United Air Lines Inc.,619,620,-1,733,728,5,134,128,102,11,21
3,25,T,Northwest Airlines Inc.,1509,1436,33,1612,1538,34,123,122,104,9,10
3,25,T,Northwest Airlines Inc.,906,910,-4,1039,1017,22,153,127,117,13,23
3,25,T,Northwest Airlines Inc.,1153,1200,-7,1304,1304,0,131,124,107,11,13
3,25,T,United Air Lines Inc.,1407,1407,0,1517,1513,4,130,126,113,7,10
3,25,T,United Air Lines Inc.,1857,1902,-5,2015,2015,0,138,133,110,12,16
3,26,W,Northwest Airlines Inc.,1504,1436,28,1623,1538,45,139,122,109,13,17
3,26,W,United Air Lines Inc.,745,755,-10,854,914,-20,129,139,110,5,14
3,26,W,Northwest Airlines Inc.,2140,2145,-5,2245,2248,-3,125,123,108,6,11
3,26,W,Northwest Airlines Inc.,908,910,-2,1020,1017,3,132,127,107,7,18
3,27,TH,United Air Lines Inc.,752,755,-3,920,914,6,148,139,125,8,15
3,27,TH,United Air Lines Inc.,1902,1902,0,2029,2015,14,147,133,109,19,19
3,28,F,United Air Lines Inc.,716,620,56,826,728,58,130,128,108,5,17
3,28,F,United Air Lines Inc.,1205,1207,-2,1314,1313,1,129,126,113,4,12
3,28,F,Northwest Airlines Inc.,1314,1318,-4,1427,1423,4,133,125,110,7,16
3,28,F,Northwest Airlines Inc.,2144,2145,-1,2252,2248,4,128,123,104,8,16
3,28,F,Northwest Airlines Inc.,909,910,-1,1021,1017,4,132,127,104,9,19
3,29,SA,Northwest Airlines Inc.,2228,2145,43,2330,2248,42,122,123,105,5,12
3,29,SA,Northwest Airlines Inc.,1156,1200,-4,1259,1304,-5,123,124,101,6,16
3,30,SU,United Air Lines Inc.,1945,1853,52,2101,2005,56,136,132,111,7,18
3,30,SU,Northwest Airlines Inc.,904,910,-6,1030,1017,13,146,127,115,12,19
3,30,SU,Northwest Airlines Inc.,1311,1318,-7,1412,1423,-11,121,125,107,5,9
3,30,SU,Northwest Airlines Inc.,1648,1650,-2,1803,1754,9,135,124,113,7,15
3,31,M,United Air Lines Inc.,643,630,13,804,735,29,141,125,125,7,9
3,31,M,Northwest Airlines Inc.,1647,1650,-3,1838,1754,44,171,124,114,10,47
3,31,M,United Air Lines Inc.,1520,1354,86,1652,1500,112,152,126,118,8,26
3,31,M,United Air Lines Inc.,756,800,-4,915,919,-4,139,139,120,9,10
4,1,T,United Air Lines Inc.,1157,1203,-6,1309,1309,0,132,126,114,5,13
4,1,T,Northwest Airlines Inc.,909,910,-1,1014,1017,-3,125,127,108,7,10
4,2,W,Northwest Airlines Inc.,2228,2145,43,2339,2248,51,131,123,109,7,15
4,2,W,Northwest Airlines Inc.,1646,1650,-4,1803,1754,9,137,124,113,10,14
4,3,TH,Northwest Airlines Inc.,1456,1436,20,1601,1538,23,125,122,103,9,13
4,3,TH,Northwest Airlines Inc.,910,910,0,1038,1017,21,148,127,113,10,25
4,3,TH,United Air Lines Inc.,1202,1209,-7,1304,1315,-11,122,126,105,5,12
4,3,TH,Northwest Airlines Inc.,2142,2145,-3,2250,2248,2,128,123,92,14,22
4,3,TH,Northwest Airlines Inc.,1650,1650,0,1752,1754,-2,122,124,100,9,13
4,4,F,Northwest Airlines Inc.,1807,1650,77,1858,1754,64,111,124,98,5,8
4,4,F,Northwest Airlines Inc.,2139,2145,-6,2301,2248,13,142,123,101,11,30
4,5,SA,United Air Lines Inc.,627,630,-3,733,735,-2,126,125,109,4,13
4,6,SU,Northwest Airlines Inc.,905,910,-5,1038,1017,21,153,127,106,14,33
4,6,SU,Northwest Airlines Inc.,2158,2145,13,2254,2248,6,116,123,94,7,15
4,6,SU,United Air Lines Inc.,614,620,-6,709,725,-16,115,125,103,4,8
4,7,M,Northwest Airlines Inc.,1647,1650,-3,1754,1754,0,127,124,103,9,15
4,8,T,United Air Lines Inc.,1159,1209,-10,1258,1315,-17,119,126,101,9,9
4,8,T,United Air Lines Inc.,856,906,-10,1007,1025,-18,131,139,101,18,12
4,8,T,Northwest Airlines Inc.,1442,1436,6,1536,1537,-1,114,121,97,6,11
4,8,T,Northwest Airlines Inc.,2139,2145,-6,2229,2247,-18,110,122,95,5,10
4,9,W,United Air Lines Inc.,731,620,71,836,725,71,125,125,103,5,17
4,9,W,United Air Lines Inc.,1353,1357,-4,1453,1503,-10,120,126,104,5,11
4,9,W,Northwest Airlines Inc.,1652,1650,2,1807,1754,13,135,124,115,10,10
4,10,TH,United Air Lines Inc.,1225,1209,16,1331,1315,16,126,126,106,9,11
4,10,TH,Northwest Airlines Inc.,1616,1436,100,1721,1537,104,125,121,100,9,16
4,10,TH,Northwest Airlines Inc.,714,700,14,824,806,18,130,126,105,9,16
4,10,TH,United Air Lines Inc.,650,620,30,808,725,43,138,125,120,5,13
4,10,TH,Northwest Airlines Inc.,915,915,0,1043,1021,22,148,126,117,13,18
4,10,TH,United Air Lines Inc.,2315,1900,255,100,2012,288,165,132,99,5,61
4,10,TH,United Air Lines Inc.,1410,1357,13,1515,1503,12,125,126,103,7,15
4,11,F,Northwest Airlines Inc.,1802,1650,72,1853,1754,59,111,124,90,8,13
4,11,F,Northwest Airlines Inc.,2156,2145,11,2302,2247,15,126,122,92,9,25
4,11,F,Northwest Airlines Inc.,1440,1436,4,1546,1537,9,126,121,94,18,14
4,12,SA,Northwest Airlines Inc.,659,700,-1,810,806,4,131,126,98,9,24
4,13,SU,United Air Lines Inc.,908,915,-7,1023,1034,-11,135,139,103,18,14
4,13,SU,Northwest Airlines Inc.,659,700,-1,753,806,-13,114,126,87,7,20
4,13,SU,Northwest Airlines Inc.,1645,1650,-5,1728,1754,-26,103,124,84,9,10
4,15,T,Northwest Airlines Inc.,1655,1650,5,1758,1754,4,123,124,99,6,18
4,15,T,United Air Lines Inc.,1357,1357,0,1457,1503,-6,120,126,104,6,10
4,15,T,Northwest Airlines Inc.,912,915,-3,1017,1021,-4,125,126,97,6,22
4,16,W,Northwest Airlines Inc.,911,915,-4,1025,1021,4,134,126,108,9,17
4,17,TH,Northwest Airlines Inc.,908,915,-7,1028,1021,7,140,126,109,11,20
4,17,TH,Northwest Airlines Inc.,1651,1650,1,1745,1754,-9,114,124,94,8,12
4,18,F,Northwest Airlines Inc.,1127,1130,-3,1234,1233,1,127,123,98,7,22
4,18,F,Northwest Airlines Inc.,1426,1436,-10,1533,1537,-4,127,121,94,11,22
4,19,SA,Northwest Airlines Inc.,1431,1436,-5,1538,1537,1,127,121,100,10,17
4,19,SA,United Air Lines Inc.,914,915,-1,1031,1034,-3,137,139,103,16,18
4,20,SU,United Air Lines Inc.,1157,1203,-6,1303,1309,-6,126,126,107,6,13
4,20,SU,United Air Lines Inc.,616,620,-4,715,725,-10,119,125,101,7,11
4,20,SU,Northwest Airlines Inc.,2157,2145,12,2255,2247,8,118,122,98,6,14
4,21,M,United Air Lines Inc.,1210,1209,1,1323,1315,8,133,126,113,6,14
4,21,M,United Air Lines Inc.,614,620,-6,722,725,-3,128,125,107,8,13
4,22,T,United Air Lines Inc.,617,620,-3,729,725,4,132,125,111,5,16
4,22,T,United Air Lines Inc.,1355,1357,-2,1457,1503,-6,122,126,108,6,8
4,22,T,Northwest Airlines Inc.,914,915,-1,1023,1021,2,129,126,103,8,18
4,22,T,Northwest Airlines Inc.,653,700,-7,757,806,-9,124,126,105,7,12
4,23,W,Northwest Airlines Inc.,1649,1650,-1,1814,1754,20,145,124,124,10,11
4,23,W,United Air Lines Inc.,1401,1357,4,1504,1503,1,123,126,104,6,13
4,23,W,Northwest Airlines Inc.,657,700,-3,810,806,4,133,126,98,7,28
4,24,TH,Northwest Airlines Inc.,1429,1436,-7,1610,1537,33,161,121,111,13,37
4,24,TH,United Air Lines Inc.,1410,1357,13,1511,1503,8,121,126,106,4,11
4,24,TH,Northwest Airlines Inc.,912,915,-3,1015,1021,-6,123,126,99,6,18
4,24,TH,United Air Lines Inc.,631,620,11,739,725,14,128,125,102,5,21
4,25,F,United Air Lines Inc.,2223,1900,203,2325,2012,193,122,132,101,6,15
4,25,F,Northwest Airlines Inc.,1435,1436,-1,1535,1537,-2,120,121,95,10,15
4,26,SA,Northwest Airlines Inc.,658,700,-2,802,806,-4,124,126,95,5,24
4,27,SU,Northwest Airlines Inc.,911,915,-4,1019,1021,-2,128,126,95,10,23
4,27,SU,Northwest Airlines Inc.,658,700,-2,753,806,-13,115,126,87,7,21
4,27,SU,United Air Lines Inc.,628,630,-2,723,735,-12,115,125,95,6,14
4,27,SU,Northwest Airlines Inc.,1436,1436,0,1540,1537,3,124,121,97,9,18
4,28,M,United Air Lines Inc.,1931,1900,31,2034,2012,22,123,132,100,10,13
4,28,M,Northwest Airlines Inc.,911,915,-4,1015,1021,-6,124,126,95,10,19
4,29,T,Northwest Airlines Inc.,657,700,-3,808,806,2,131,126,91,8,32
4,30,W,United Air Lines Inc.,619,620,-1,711,725,-14,112,125,99,6,7
4,30,W,United Air Lines Inc.,1348,1357,-9,1446,1503,-17,118,126,101,6,11
4,30,W,Northwest Airlines Inc.,2154,2145,9,2257,2247,10,123,122,102,7,14
4,30,W,Northwest Airlines Inc.,1433,1436,-3,1531,1537,-6,118,121,95,8,15
5,1,TH,United Air Lines Inc.,1419,1357,22,1534,1503,31,135,126,112,8,15
5,1,TH,Northwest Airlines Inc.,1445,1436,9,1557,1537,20,132,121,101,12,19
5,1,TH,Northwest Airlines Inc.,656,700,-4,810,806,4,134,126,104,7,23
5,1,TH,Northwest Airlines Inc.,912,915,-3,1029,1021,8,137,126,107,11,19
5,1,TH,Northwest Airlines Inc.,1136,1130,6,1244,1233,11,128,123,103,10,15
5,2,F,Northwest Airlines Inc.,1447,1436,11,1559,1536,23,132,120,104,8,20
5,2,F,United Air Lines Inc.,1934,1900,34,2041,2012,29,127,132,101,5,21
5,2,F,Northwest Airlines Inc.,655,700,-5,807,803,4,132,123,95,12,25
5,3,SA,Northwest Airlines Inc.,1134,1130,4,1230,1231,-1,116,121,95,8,13
5,3,SA,Northwest Airlines Inc.,908,915,-7,1007,1019,-12,119,124,95,7,17
5,3,SA,United Air Lines Inc.,907,915,-8,1035,1034,1,148,139,106,30,12
5,4,SU,United Air Lines Inc.,1201,1203,-2,1300,1309,-9,119,126,102,5,12
5,4,SU,Northwest Airlines Inc.,1644,1650,-6,1737,1751,-14,113,121,99,5,9
5,5,M,United Air Lines Inc.,1357,1357,0,1500,1503,-3,123,126,105,7,11
5,5,M,Northwest Airlines Inc.,911,915,-4,1014,1019,-5,123,124,101,11,11
5,5,M,Northwest Airlines Inc.,2142,2145,-3,2247,2245,2,125,120,99,11,15
5,5,M,Northwest Airlines Inc.,1125,1130,-5,1227,1231,-4,122,121,101,6,15
5,5,M,United Air Lines Inc.,617,620,-3,724,725,-1,127,125,107,5,15
5,6,T,United Air Lines Inc.,915,915,0,1015,1034,-19,120,139,91,10,19
5,7,W,Northwest Airlines Inc.,656,700,-4,819,803,16,143,123,127,8,8
5,7,W,United Air Lines Inc.,619,620,-1,726,725,1,127,125,112,5,10
5,8,TH,Northwest Airlines Inc.,1652,1650,2,1754,1751,3,122,121,101,11,10
5,8,TH,United Air Lines Inc.,917,915,2,1024,1034,-10,127,139,106,7,14
5,8,TH,Northwest Airlines Inc.,1129,1130,-1,1235,1231,4,126,121,104,10,12
5,8,TH,Northwest Airlines Inc.,910,915,-5,1011,1019,-8,121,124,102,8,11
5,9,F,United Air Lines Inc.,1206,1209,-3,1314,1315,-1,128,126,108,7,13
5,9,F,Northwest Airlines Inc.,1440,1436,4,1546,1536,10,126,120,106,6,14
5,9,F,United Air Lines Inc.,1354,1357,-3,1455,1503,-8,121,126,102,6,13
5,10,SA,United Air Lines Inc.,623,630,-7,728,735,-7,125,125,106,6,13
5,10,SA,United Air Lines Inc.,1623,1630,-7,1725,1742,-17,122,132,104,7,11
5,10,SA,Northwest Airlines Inc.,657,700,-3,803,803,0,126,123,101,8,17
5,10,SA,United Air Lines Inc.,1459,1505,-6,1617,1611,6,138,126,108,12,18
5,10,SA,Northwest Airlines Inc.,2142,2145,-3,2240,2245,-5,118,120,93,8,17
5,11,SU,United Air Lines Inc.,1201,1203,-2,1259,1309,-10,118,126,101,7,10
5,12,M,Northwest Airlines Inc.,1502,1436,26,1625,1536,49,143,120,107,10,26
5,12,M,Northwest Airlines Inc.,2150,2145,5,2310,2245,25,140,120,109,9,22
5,12,M,United Air Lines Inc.,1220,1209,11,1314,1315,-1,114,126,97,6,11
5,12,M,Northwest Airlines Inc.,1131,1130,1,1234,1231,3,123,121,101,8,14
5,12,M,United Air Lines Inc.,1356,1357,-1,1458,1503,-5,122,126,102,7,13
5,13,T,United Air Lines Inc.,615,620,-5,735,725,10,140,125,119,9,12
5,14,W,Northwest Airlines Inc.,1650,1650,0,1756,1751,5,126,121,105,11,10
5,14,W,United Air Lines Inc.,1227,1209,18,1322,1315,7,115,126,102,5,8
5,14,W,United Air Lines Inc.,617,620,-3,716,725,-9,119,125,104,5,10
5,15,TH,Northwest Airlines Inc.,911,915,-4,1016,1019,-3,125,124,103,9,13
5,15,TH,United Air Lines Inc.,1855,1900,-5,1943,2012,-29,108,132,89,7,12
5,16,F,Northwest Airlines Inc.,655,700,-5,750,803,-13,115,123,85,12,18
5,16,F,Northwest Airlines Inc.,2144,2145,-1,2235,2245,-10,111,120,92,5,14
5,16,F,Northwest Airlines Inc.,1648,1650,-2,1736,1751,-15,108,121,91,9,8
5,16,F,Northwest Airlines Inc.,910,915,-5,959,1019,-20,109,124,85,10,14
5,16,F,United Air Lines Inc.,1358,1357,1,1454,1503,-9,116,126,95,10,11
5,17,SA,United Air Lines Inc.,910,915,-5,1024,1034,-10,134,139,93,28,13
5,17,SA,Northwest Airlines Inc.,1129,1130,-1,1224,1231,-7,115,121,93,9,13
5,18,SU,Northwest Airlines Inc.,2142,2145,-3,2240,2245,-5,118,120,89,10,19
5,18,SU,United Air Lines Inc.,1355,1357,-2,1449,1503,-14,114,126,95,9,10
5,18,SU,United Air Lines Inc.,1159,1203,-4,1300,1309,-9,121,126,96,7,18
5,19,M,United Air Lines Inc.,1425,1357,28,1528,1503,25,123,126,100,4,19
5,19,M,Northwest Airlines Inc.,1435,1436,-1,1541,1536,5,126,120,103,9,14
5,19,M,United Air Lines Inc.,627,620,7,726,725,1,119,125,96,11,12
5,20,T,Northwest Airlines Inc.,1507,1436,31,1554,1536,18,107,120,92,6,9
5,20,T,United Air Lines Inc.,1900,1900,0,1959,2012,-13,119,132,99,6,14
5,20,T,United Air Lines Inc.,622,620,2,709,725,-16,107,125,94,5,8
5,21,W,Northwest Airlines Inc.,1127,1130,-3,1241,1231,10,134,121,98,7,29
5,21,W,Northwest Airlines Inc.,913,915,-2,1010,1019,-9,117,124,94,7,16
5,21,W,Northwest Airlines Inc.,658,700,-2,757,803,-6,119,123,94,7,18
5,22,TH,Northwest Airlines Inc.,1650,1650,0,1818,1751,27,148,121,128,6,14
5,22,TH,United Air Lines Inc.,1215,1209,6,1313,1315,-2,118,126,96,7,15
5,23,F,United Air Lines Inc.,618,620,-2,716,725,-9,118,125,104,4,10
5,23,F,United Air Lines Inc.,912,915,-3,1031,1034,-3,139,139,111,10,18
5,24,SA,United Air Lines Inc.,1753,1630,83,1901,1742,79,128,132,111,5,12
5,24,SA,Northwest Airlines Inc.,2138,2145,-7,2254,2245,9,136,120,113,5,18
5,24,SA,United Air Lines Inc.,1458,1505,-7,1624,1611,13,146,126,109,7,30
5,24,SA,Northwest Airlines Inc.,654,700,-6,759,803,-4,125,123,102,8,15
5,25,SU,Northwest Airlines Inc.,1433,1436,-3,1553,1536,17,140,120,117,8,15
5,25,SU,Northwest Airlines Inc.,657,700,-3,808,803,5,131,123,105,6,20
5,26,M,Northwest Airlines Inc.,2152,2145,7,2250,2245,5,118,120,103,6,9
5,27,T,Northwest Airlines Inc.,654,700,-6,811,803,8,137,123,111,13,13
5,27,T,Northwest Airlines Inc.,1647,1650,-3,1802,1751,11,135,121,112,9,14
5,28,W,Northwest Airlines Inc.,1145,1130,15,1248,1231,17,123,121,104,5,14
5,28,W,United Air Lines Inc.,1354,1357,-3,1459,1503,-4,125,126,109,6,10
5,28,W,United Air Lines Inc.,909,915,-6,1022,1034,-12,133,139,108,8,17
5,30,F,United Air Lines Inc.,619,620,-1,729,725,4,130,125,110,6,14
5,30,F,Northwest Airlines Inc.,2143,2145,-2,2245,2245,0,122,120,100,7,15
5,30,F,Northwest Airlines Inc.,911,915,-4,1030,1019,11,139,124,111,9,19
5,31,SA,Northwest Airlines Inc.,2144,2145,-1,2254,2245,9,130,120,103,6,21
5,31,SA,Northwest Airlines Inc.,656,700,-4,801,803,-2,125,123,101,7,17
6,1,SU,Northwest Airlines Inc.,1127,1130,-3,1248,1231,17,141,121,100,6,35
6,1,SU,Northwest Airlines Inc.,1649,1650,-1,1748,1751,-3,119,121,103,8,8
6,1,SU,United Air Lines Inc.,853,900,-7,1008,1019,-11,135,139,105,18,12
6,2,M,Northwest Airlines Inc.,909,915,-6,1029,1019,10,140,124,111,9,20
6,2,M,United Air Lines Inc.,1209,1209,0,1317,1315,2,128,126,109,6,13
6,2,M,United Air Lines Inc.,1353,1357,-4,1502,1503,-1,129,126,108,9,12
6,2,M,United Air Lines Inc.,910,915,-5,1020,1034,-14,130,139,105,9,16
6,3,T,United Air Lines Inc.,1244,1209,35,1350,1315,35,126,126,101,11,14
6,3,T,United Air Lines Inc.,1455,1357,58,1604,1503,61,129,126,116,5,8
6,3,T,Northwest Airlines Inc.,1435,1436,-1,1600,1536,24,145,120,119,11,15
6,3,T,Northwest Airlines Inc.,2145,2145,0,2251,2245,6,126,120,97,8,21
6,4,W,Northwest Airlines Inc.,2146,2145,1,2317,2245,32,151,120,121,10,20
6,4,W,Northwest Airlines Inc.,1648,1650,-2,1840,1751,49,172,121,128,8,36
6,4,W,United Air Lines Inc.,614,620,-6,739,725,14,145,125,118,19,8
6,5,TH,United Air Lines Inc.,1414,1358,16,1539,1502,37,145,124,120,15,10
6,5,TH,Northwest Airlines Inc.,913,915,-2,1042,1017,25,149,122,120,12,17
6,5,TH,Northwest Airlines Inc.,1250,1130,80,1434,1230,124,164,120,136,9,19
6,5,TH,Northwest Airlines Inc.,2251,2150,61,37,2248,109,166,118,99,8,59
6,6,F,United Air Lines Inc.,1859,1358,301,2011,1502,309,132,124,112,6,14
6,6,F,United Air Lines Inc.,1206,1159,7,1336,1303,33,150,124,103,4,43
6,7,SA,United Air Lines Inc.,1310,1204,66,1412,1308,64,122,124,106,5,11
6,7,SA,United Air Lines Inc.,1409,1344,25,1508,1448,20,119,124,103,5,11
6,7,SA,United Air Lines Inc.,1025,850,95,1126,953,93,121,123,102,6,13
6,7,SA,United Air Lines Inc.,845,619,146,951,722,149,126,123,107,4,15
6,7,SA,Northwest Airlines Inc.,702,705,-3,827,807,20,145,122,112,7,26
6,7,SA,Northwest Airlines Inc.,1432,1436,-4,1530,1536,-6,118,120,99,6,13
6,7,SA,Northwest Airlines Inc.,1650,1650,0,1803,1752,11,133,122,112,10,11
6,8,SU,Northwest Airlines Inc.,1701,1650,11,1821,1752,29,140,122,109,10,21
6,8,SU,United Air Lines Inc.,1341,1344,-3,1451,1448,3,130,124,111,7,12
6,9,M,United Air Lines Inc.,1233,1159,34,1345,1303,42,132,124,110,9,13
6,9,M,Northwest Airlines Inc.,2150,2150,0,2251,2248,3,121,118,96,6,19
6,10,T,Northwest Airlines Inc.,1110,915,115,1209,1017,112,119,122,98,7,14
6,10,T,Northwest Airlines Inc.,1650,1650,0,1801,1752,9,131,122,101,12,18
6,10,T,United Air Lines Inc.,1355,1358,-3,1457,1502,-5,122,124,102,7,13
6,11,W,United Air Lines Inc.,1436,1358,38,1541,1502,39,125,124,106,6,13
6,11,W,United Air Lines Inc.,906,914,-8,1047,1028,19,161,134,129,9,23
6,11,W,Northwest Airlines Inc.,704,705,-1,817,807,10,133,122,106,14,13
6,12,TH,Northwest Airlines Inc.,927,915,12,1048,1017,31,141,122,117,9,15
6,13,F,United Air Lines Inc.,2047,1910,97,2139,2025,74,112,135,100,4,8
6,13,F,United Air Lines Inc.,610,619,-9,711,722,-11,121,123,104,4,13
6,13,F,Northwest Airlines Inc.,914,915,-1,1020,1017,3,126,122,100,9,17
6,13,F,United Air Lines Inc.,1216,1159,17,1317,1303,14,121,124,103,7,11
6,13,F,Northwest Airlines Inc.,1121,1130,-9,1231,1230,1,130,120,95,8,27
6,14,SA,Northwest Airlines Inc.,1647,1650,-3,1744,1752,-8,117,122,97,7,13
6,14,SA,United Air Lines Inc.,616,619,-3,714,722,-8,118,123,101,6,11
6,15,SU,Northwest Airlines Inc.,2145,2150,-5,2245,2248,-3,120,118,98,6,16
6,16,M,United Air Lines Inc.,913,914,-1,1100,1028,32,167,134,114,6,47
6,16,M,Northwest Airlines Inc.,1653,1650,3,1754,1752,2,121,122,103,5,13
6,17,T,United Air Lines Inc.,616,619,-3,718,722,-4,122,123,101,7,14
6,17,T,Northwest Airlines Inc.,1430,1436,-6,1528,1536,-8,118,120,96,9,13
6,17,T,United Air Lines Inc.,912,914,-2,1026,1028,-2,134,134,100,11,23
6,18,W,Northwest Airlines Inc.,1158,1130,28,1258,1230,28,120,120,96,7,17
6,18,W,United Air Lines Inc.,1404,1358,6,1508,1502,6,124,124,102,10,12
6,18,W,Northwest Airlines Inc.,709,705,4,802,807,-5,113,122,92,6,15
6,19,TH,Northwest Airlines Inc.,1707,1650,17,1808,1752,16,121,122,98,9,14
6,19,TH,United Air Lines Inc.,1412,1358,14,1522,1502,20,130,124,102,18,10
6,19,TH,Northwest Airlines Inc.,925,915,10,1035,1017,18,130,122,99,9,22
6,19,TH,United Air Lines Inc.,1213,1159,14,1317,1303,14,124,124,105,8,11
6,19,TH,Northwest Airlines Inc.,1124,1130,-6,1238,1230,8,134,120,102,9,23
6,19,TH,Northwest Airlines Inc.,1441,1436,5,1535,1536,-1,114,120,97,7,10
6,20,F,United Air Lines Inc.,1331,1159,92,1436,1303,93,125,124,99,9,17
6,21,SA,Northwest Airlines Inc.,1713,1650,23,1811,1752,19,118,122,95,6,17
6,21,SA,Northwest Airlines Inc.,702,705,-3,802,807,-5,120,122,93,6,21
6,21,SA,Northwest Airlines Inc.,1128,1130,-2,1217,1230,-13,109,120,93,6,10
6,21,SA,Northwest Airlines Inc.,2147,2150,-3,2228,2248,-20,101,118,87,6,8
6,22,SU,Northwest Airlines Inc.,1156,1130,26,1252,1230,22,116,120,94,8,14
6,22,SU,Northwest Airlines Inc.,919,915,4,1025,1017,8,126,122,93,10,23
6,22,SU,United Air Lines Inc.,1202,1205,-3,1251,1309,-18,109,124,92,6,11
6,22,SU,United Air Lines Inc.,611,617,-6,700,720,-20,109,123,95,6,8
6,23,M,Northwest Airlines Inc.,1649,1650,-1,1809,1752,17,140,122,116,8,16
6,23,M,United Air Lines Inc.,613,619,-6,718,722,-4,125,123,98,14,13
6,23,M,United Air Lines Inc.,1402,1358,4,1503,1502,1,121,124,104,7,10
6,23,M,United Air Lines Inc.,1900,1910,-10,2009,2025,-16,129,135,104,9,16
6,24,T,Northwest Airlines Inc.,1128,1130,-2,1226,1230,-4,118,120,90,9,19
6,25,W,United Air Lines Inc.,1156,1159,-3,1252,1303,-11,116,124,99,7,10
6,25,W,Northwest Airlines Inc.,1448,1436,12,1549,1536,13,121,120,93,7,21
6,26,TH,United Air Lines Inc.,1949,1910,39,2110,2025,45,141,135,124,9,8
6,26,TH,United Air Lines Inc.,615,619,-4,715,722,-7,120,123,102,6,12
6,26,TH,Northwest Airlines Inc.,704,705,-1,814,807,7,130,122,102,8,20
6,26,TH,United Air Lines Inc.,1202,1159,3,1308,1303,5,126,124,105,5,16
6,27,F,United Air Lines Inc.,1220,1159,21,1321,1303,18,121,124,102,8,11
6,27,F,Northwest Airlines Inc.,915,915,0,1029,1017,12,134,122,102,10,22
6,27,F,United Air Lines Inc.,1405,1358,7,1514,1502,12,129,124,106,9,14
6,27,F,United Air Lines Inc.,612,619,-7,719,722,-3,127,123,104,11,12
6,28,SA,United Air Lines Inc.,2056,1905,111,2154,2020,94,118,135,105,5,8
6,28,SA,Northwest Airlines Inc.,2148,2150,-2,2246,2248,-2,118,118,88,9,21
6,29,SU,Northwest Airlines Inc.,1647,1650,-3,1742,1752,-10,115,122,91,11,13
6,29,SU,United Air Lines Inc.,921,922,-1,1018,1036,-18,117,134,94,10,13
6,29,SU,Northwest Airlines Inc.,1437,1436,1,1530,1536,-6,113,120,88,9,16
6,30,M,United Air Lines Inc.,635,619,16,725,722,3,110,123,94,3,13
6,30,M,Northwest Airlines Inc.,2147,2150,-3,2229,2248,-19,102,118,85,5,12
6,30,M,Northwest Airlines Inc.,1646,1650,-4,1734,1752,-18,108,122,90,6,12
7,1,T,Northwest Airlines Inc.,2148,2150,-2,2248,2248,0,120,118,94,9,17
7,1,T,Northwest Airlines Inc.,1128,1130,-2,1235,1230,5,127,120,100,8,19
7,1,T,Northwest Airlines Inc.,908,915,-7,1008,1017,-9,120,122,94,8,18
7,2,W,Northwest Airlines Inc.,1141,1130,11,1248,1230,18,127,120,95,11,21
7,2,W,United Air Lines Inc.,908,914,-6,1019,1028,-9,131,134,98,15,18
7,2,W,United Air Lines Inc.,1155,1159,-4,1255,1303,-8,120,124,99,7,14
7,4,F,Northwest Airlines Inc.,721,705,16,812,807,5,111,122,88,9,14
7,4,F,Northwest Airlines Inc.,1121,1130,-9,1221,1230,-9,120,120,92,7,21
7,5,SA,Northwest Airlines Inc.,2229,2150,39,2324,2248,36,115,118,97,8,10
7,5,SA,United Air Lines Inc.,1300,1204,56,1357,1308,49,117,124,98,6,13
7,5,SA,Northwest Airlines Inc.,1645,1650,-5,1747,1752,-5,122,122,95,9,18
7,5,SA,Northwest Airlines Inc.,1432,1436,-4,1534,1536,-2,122,120,95,12,15
7,5,SA,Northwest Airlines Inc.,707,705,2,756,807,-11,109,122,89,8,12
7,5,SA,Northwest Airlines Inc.,911,915,-4,1006,1017,-11,115,122,91,10,14
7,6,SU,Northwest Airlines Inc.,1433,1436,-3,1629,1536,53,176,120,157,9,10
7,6,SU,United Air Lines Inc.,1211,1205,6,1315,1309,6,124,124,102,8,14
7,7,M,Northwest Airlines Inc.,1216,1130,46,1320,1230,50,124,120,101,9,14
7,7,M,Northwest Airlines Inc.,1650,1650,0,1804,1752,12,134,122,111,9,14
7,8,T,Northwest Airlines Inc.,1439,1436,3,1633,1536,57,174,120,141,10,23
7,8,T,United Air Lines Inc.,910,916,-6,1027,1030,-3,137,134,102,16,19
7,9,W,United Air Lines Inc.,1908,1914,-6,2007,2029,-22,119,135,97,7,15
7,9,W,United Air Lines Inc.,612,613,-1,709,716,-7,117,123,100,5,12
7,9,W,Northwest Airlines Inc.,1128,1130,-2,1239,1230,9,131,120,99,8,24
7,9,W,United Air Lines Inc.,1200,1202,-2,1303,1306,-3,123,124,107,6,10
7,9,W,Northwest Airlines Inc.,916,915,1,1013,1017,-4,117,122,96,9,12
7,9,W,Northwest Airlines Inc.,2205,2150,15,2258,2248,10,113,118,93,7,13
7,10,TH,Northwest Airlines Inc.,707,705,2,814,807,7,127,122,96,9,22
7,10,TH,United Air Lines Inc.,612,613,-1,710,716,-6,118,123,104,4,10
7,10,TH,Northwest Airlines Inc.,1128,1130,-2,1237,1230,7,129,120,95,7,27
7,11,F,Northwest Airlines Inc.,1143,1130,13,1253,1230,23,130,120,95,12,23
7,11,F,Northwest Airlines Inc.,2221,2150,31,2347,2248,59,146,118,102,9,35
7,11,F,United Air Lines Inc.,1406,1406,0,1510,1510,0,124,124,104,9,11
7,12,SA,Northwest Airlines Inc.,1700,1650,10,1755,1752,3,115,122,102,5,8
7,12,SA,United Air Lines Inc.,1349,1401,-12,1506,1505,1,137,124,110,13,14
7,12,SA,United Air Lines Inc.,1853,1905,-12,1954,2020,-26,121,135,105,5,11
7,13,SU,United Air Lines Inc.,1157,1203,-6,1255,1307,-12,118,124,96,5,17
7,14,M,Northwest Airlines Inc.,1456,1436,20,1556,1536,20,120,120,95,10,15
7,14,M,United Air Lines Inc.,2051,1914,97,2141,2029,72,110,135,94,5,11
7,15,T,Northwest Airlines Inc.,924,915,9,1016,1017,-1,112,122,91,8,13
7,15,T,Northwest Airlines Inc.,1128,1130,-2,1228,1230,-2,120,120,94,8,18
7,15,T,United Air Lines Inc.,609,613,-4,706,716,-10,117,123,100,8,9
7,16,W,United Air Lines Inc.,2012,1914,58,2121,2029,52,129,135,108,6,15
7,16,W,Northwest Airlines Inc.,700,705,-5,750,807,-17,110,122,93,5,12
7,16,W,Northwest Airlines Inc.,1650,1650,0,1806,1752,14,136,122,105,10,21
7,16,W,United Air Lines Inc.,611,613,-2,709,716,-7,118,123,102,6,10
7,16,W,United Air Lines Inc.,1402,1406,-4,1510,1510,0,128,124,103,9,16
7,17,TH,Northwest Airlines Inc.,1435,1436,-1,1555,1536,19,140,120,111,11,18
7,17,TH,United Air Lines Inc.,910,916,-6,1034,1030,4,144,134,108,7,29
7,18,F,United Air Lines Inc.,2108,1914,114,2211,2029,102,123,135,103,11,9
7,18,F,Northwest Airlines Inc.,1720,1650,30,1836,1752,44,136,122,99,6,31
7,18,F,Northwest Airlines Inc.,2144,2150,-6,2247,2248,-1,123,118,96,7,20
7,18,F,Northwest Airlines Inc.,1436,1436,0,1538,1536,2,122,120,101,10,11
7,18,F,United Air Lines Inc.,1201,1202,-1,1307,1306,1,126,124,107,7,12
7,18,F,United Air Lines Inc.,611,613,-2,722,716,6,131,123,108,7,16
7,19,SA,Northwest Airlines Inc.,1707,1650,17,1835,1752,43,148,122,115,7,26
7,19,SA,United Air Lines Inc.,611,613,-2,711,716,-5,120,123,97,9,14
7,19,SA,United Air Lines Inc.,1356,1401,-5,1502,1505,-3,126,124,99,16,11
7,19,SA,Northwest Airlines Inc.,1435,1436,-1,1530,1536,-6,115,120,95,6,14
7,21,M,Northwest Airlines Inc.,1241,1130,71,1334,1230,64,113,120,92,9,12
7,21,M,Northwest Airlines Inc.,703,705,-2,808,807,1,125,122,98,10,17
7,21,M,United Air Lines Inc.,1909,1914,-5,2021,2029,-8,132,135,96,12,24
7,21,M,Northwest Airlines Inc.,911,915,-4,1013,1017,-4,122,122,96,10,16
7,21,M,United Air Lines Inc.,912,916,-4,1020,1030,-10,128,134,97,12,19
7,22,T,United Air Lines Inc.,1157,1202,-5,1248,1306,-18,111,124,92,7,12
7,22,T,United Air Lines Inc.,909,916,-7,1004,1030,-26,115,134,92,9,14
7,22,T,Northwest Airlines Inc.,708,705,3,806,807,-1,118,122,87,11,20
7,22,T,Northwest Airlines Inc.,1651,1650,1,1743,1752,-9,112,122,89,6,17
7,23,W,Northwest Airlines Inc.,1217,1130,47,1310,1230,40,113,120,91,9,13
7,23,W,Northwest Airlines Inc.,1433,1436,-3,1633,1536,57,180,120,159,9,12
7,23,W,Northwest Airlines Inc.,1713,1650,23,1855,1752,63,162,122,99,8,55
7,23,W,United Air Lines Inc.,1401,1406,-5,1513,1510,3,132,124,110,8,14
7,24,TH,United Air Lines Inc.,608,613,-5,704,716,-12,116,123,99,5,12
7,24,TH,Northwest Airlines Inc.,1433,1436,-3,1532,1536,-4,119,120,97,8,14
7,24,TH,Northwest Airlines Inc.,2148,2150,-2,2253,2248,5,125,118,98,9,18
7,24,TH,Northwest Airlines Inc.,655,705,-10,812,807,5,137,122,106,6,25
7,24,TH,Northwest Airlines Inc.,1648,1650,-2,1759,1752,7,131,122,112,6,13
7,24,TH,United Air Lines Inc.,1356,1406,-10,1456,1510,-14,120,124,101,5,14
7,25,F,United Air Lines Inc.,1218,1202,16,1323,1306,17,125,124,103,10,12
7,25,F,Northwest Airlines Inc.,932,915,17,1034,1017,17,122,122,100,5,17
7,26,SA,Northwest Airlines Inc.,1435,1436,-1,1531,1536,-5,116,120,98,8,10
7,27,SU,United Air Lines Inc.,1948,1909,39,2127,2024,63,159,135,100,44,15
7,27,SU,United Air Lines Inc.,914,918,-4,1016,1032,-16,122,134,99,9,14
7,27,SU,United Air Lines Inc.,1357,1400,-3,1507,1504,3,130,124,108,10,12
7,27,SU,Northwest Airlines Inc.,916,915,1,1021,1017,4,125,122,95,11,19
7,28,M,Northwest Airlines Inc.,1654,1650,4,1824,1752,32,150,122,114,8,28
7,28,M,Northwest Airlines Inc.,1435,1436,-1,1544,1536,8,129,120,97,12,20
7,28,M,Northwest Airlines Inc.,1127,1130,-3,1231,1230,1,124,120,94,11,19
7,29,T,Northwest Airlines Inc.,758,705,53,859,807,52,121,122,96,10,15
7,30,W,United Air Lines Inc.,609,613,-4,708,716,-8,119,123,102,4,13
7,30,W,Northwest Airlines Inc.,1134,1130,4,1236,1230,6,122,120,97,5,20
7,30,W,Northwest Airlines Inc.,701,705,-4,759,807,-8,118,122,94,7,17
7,31,TH,Northwest Airlines Inc.,658,705,-7,812,807,5,134,122,96,7,31
7,31,TH,Northwest Airlines Inc.,1129,1130,-1,1227,1230,-3,118,120,96,7,15
8,2,SA,Northwest Airlines Inc.,1127,1130,-3,1220,1230,-10,113,120,93,6,14
8,3,SU,United Air Lines Inc.,1401,1400,1,1508,1504,4,127,124,102,12,13
8,3,SU,Northwest Airlines Inc.,921,915,6,1031,1017,14,130,122,99,9,22
8,4,M,United Air Lines Inc.,1425,1202,143,1535,1306,149,130,124,103,14,13
8,4,M,Northwest Airlines Inc.,1436,1436,0,1540,1536,4,124,120,102,8,14
8,4,M,Northwest Airlines Inc.,918,915,3,1030,1017,13,132,122,99,13,20
8,5,T,Northwest Airlines Inc.,702,705,-3,809,807,2,127,122,97,9,21
8,6,W,Northwest Airlines Inc.,1435,1436,-1,1558,1536,22,143,120,109,12,22
8,6,W,Northwest Airlines Inc.,2216,2150,26,2348,2248,60,152,118,125,10,17
8,6,W,United Air Lines Inc.,609,613,-4,707,716,-9,118,123,99,5,14
8,7,TH,Northwest Airlines Inc.,914,915,-1,1035,1017,18,141,122,89,28,24
8,7,TH,United Air Lines Inc.,1159,1202,-3,1253,1306,-13,114,124,95,8,11
8,8,F,Northwest Airlines Inc.,1647,1650,-3,1737,1752,-15,110,122,92,7,11
8,8,F,Northwest Airlines Inc.,910,915,-5,1018,1017,1,128,122,102,11,15
8,8,F,Northwest Airlines Inc.,2155,2150,5,2250,2248,2,115,118,92,7,16
8,9,SA,United Air Lines Inc.,609,613,-4,709,716,-7,120,123,92,14,14
8,9,SA,Northwest Airlines Inc.,1132,1130,2,1223,1230,-7,111,120,90,6,15
8,10,SU,Northwest Airlines Inc.,2236,2150,46,2341,2248,53,125,118,99,6,20
8,10,SU,Northwest Airlines Inc.,1800,1650,70,1921,1752,89,141,122,117,6,18
8,11,M,Northwest Airlines Inc.,1140,1130,10,1240,1230,10,120,120,96,9,15
8,11,M,United Air Lines Inc.,1917,1914,3,2025,2029,-4,128,135,105,11,12
8,11,M,Northwest Airlines Inc.,909,915,-6,1022,1017,5,133,122,93,23,17
8,12,T,United Air Lines Inc.,933,916,17,1034,1030,4,121,134,97,10,14
8,12,T,Northwest Airlines Inc.,2151,2150,1,2248,2248,0,117,118,97,5,15
8,12,T,United Air Lines Inc.,1158,1202,-4,1249,1306,-17,111,124,94,6,11
8,12,T,United Air Lines Inc.,1926,1914,12,2033,2029,4,127,135,103,10,14
8,12,T,Northwest Airlines Inc.,1442,1436,6,1542,1536,6,120,120,99,7,14
8,13,W,Northwest Airlines Inc.,1225,1130,55,1325,1230,55,120,120,98,10,12
8,13,W,United Air Lines Inc.,956,916,40,1120,1030,50,144,134,101,31,12
8,13,W,United Air Lines Inc.,1909,1914,-5,2034,2029,5,145,135,107,8,30
8,13,W,Northwest Airlines Inc.,703,705,-2,807,807,0,124,122,93,7,24
8,14,TH,United Air Lines Inc.,908,916,-8,1025,1030,-5,137,134,98,24,15
8,16,SA,Northwest Airlines Inc.,2150,2150,0,2236,2248,-12,106,118,89,5,12
8,16,SA,United Air Lines Inc.,906,912,-6,1025,1015,10,139,123,106,20,13
8,17,SU,United Air Lines Inc.,629,613,16,732,716,16,123,123,102,9,12
8,17,SU,United Air Lines Inc.,1904,1909,-5,2036,2024,12,152,135,94,34,24
8,17,SU,Northwest Airlines Inc.,1432,1436,-4,1514,1536,-22,102,120,88,5,9
8,17,SU,Northwest Airlines Inc.,915,915,0,1016,1017,-1,121,122,102,10,9
8,17,SU,United Air Lines Inc.,914,918,-4,1026,1032,-6,132,134,106,10,16
8,18,M,United Air Lines Inc.,913,916,-3,1013,1030,-17,120,134,93,12,15
8,19,T,Northwest Airlines Inc.,907,910,-3,955,1017,-22,108,127,88,6,14
8,20,W,United Air Lines Inc.,1913,1914,-1,2009,2029,-20,116,135,95,5,16
8,21,TH,Northwest Airlines Inc.,1129,1135,-6,1220,1240,-20,111,125,89,6,16
8,21,TH,United Air Lines Inc.,1910,1914,-4,2004,2029,-25,114,135,92,6,16
8,21,TH,Northwest Airlines Inc.,1651,1650,1,1739,1753,-14,108,123,87,5,16
8,21,TH,Northwest Airlines Inc.,1445,1446,-1,1535,1549,-14,110,123,90,6,14
8,21,TH,United Air Lines Inc.,613,613,0,703,716,-13,110,123,94,5,11
8,22,F,Northwest Airlines Inc.,906,910,-4,1012,1017,-5,126,127,102,9,15
8,22,F,Northwest Airlines Inc.,1653,1650,3,1753,1753,0,120,123,97,10,13
8,22,F,Northwest Airlines Inc.,712,712,0,802,816,-14,110,124,90,6,14
8,23,SA,United Air Lines Inc.,909,912,-3,1017,1015,2,128,123,99,16,13
8,23,SA,Northwest Airlines Inc.,1133,1135,-2,1227,1240,-13,114,125,94,7,13
8,24,SU,United Air Lines Inc.,910,912,-2,1015,1015,0,125,123,99,9,17
8,25,M,United Air Lines Inc.,1427,1406,21,1520,1510,10,113,124,94,6,13
8,25,M,Northwest Airlines Inc.,904,910,-6,959,1017,-18,115,127,92,8,15
8,26,T,United Air Lines Inc.,1908,1914,-6,2019,2029,-10,131,135,99,14,18
8,26,T,Northwest Airlines Inc.,709,712,-3,803,816,-13,114,124,91,7,16
8,26,T,United Air Lines Inc.,611,613,-2,701,716,-15,110,123,97,4,9
8,27,W,United Air Lines Inc.,911,916,-5,1028,1030,-2,137,134,98,24,15
8,27,W,Northwest Airlines Inc.,1647,1650,-3,1751,1753,-2,124,123,100,9,15
8,28,TH,Northwest Airlines Inc.,1653,1650,3,1750,1753,-3,117,123,101,7,9
8,28,TH,United Air Lines Inc.,1915,1914,1,2028,2029,-1,133,135,101,7,25
8,28,TH,United Air Lines Inc.,613,613,0,722,716,6,129,123,109,5,15
8,28,TH,Northwest Airlines Inc.,2147,2140,7,2242,2241,1,115,121,94,6,15
8,29,F,Northwest Airlines Inc.,928,905,23,1035,1012,23,127,127,92,10,25
8,30,SA,United Air Lines Inc.,1142,1149,-7,1246,1253,-7,124,124,96,7,21
8,30,SA,Northwest Airlines Inc.,705,712,-7,751,816,-25,106,124,91,7,8
8,31,SU,Northwest Airlines Inc.,2134,2140,-6,2231,2241,-10,117,121,92,6,19
8,31,SU,United Air Lines Inc.,1152,1159,-7,1257,1303,-6,125,124,100,9,16
8,31,SU,United Air Lines Inc.,915,918,-3,1018,1032,-14,123,134,97,12,14
9,1,M,Northwest Airlines Inc.,2135,2140,-5,2239,2241,-2,124,121,103,5,16
9,1,M,United Air Lines Inc.,1411,1407,4,1504,1511,-7,113,124,97,5,11
9,2,T,United Air Lines Inc.,1903,1915,-12,2012,2022,-10,129,127,105,6,18
9,2,T,United Air Lines Inc.,908,915,-7,1014,1029,-15,126,134,104,7,15
9,2,T,Northwest Airlines Inc.,713,712,1,826,816,10,133,124,107,8,18
9,2,T,Northwest Airlines Inc.,1445,1446,-1,1545,1549,-4,120,123,100,5,15
9,3,W,Northwest Airlines Inc.,1438,1446,-8,1547,1549,-2,129,123,101,11,17
9,3,W,Northwest Airlines Inc.,2139,2140,-1,2241,2241,0,122,121,96,7,19
9,4,TH,Northwest Airlines Inc.,1129,1135,-6,1225,1240,-15,116,125,96,9,11
9,5,F,Northwest Airlines Inc.,2152,2140,12,2243,2241,2,111,121,96,4,11
9,5,F,Northwest Airlines Inc.,1438,1446,-8,1547,1549,-2,129,123,108,8,13
9,6,SA,United Air Lines Inc.,1526,1524,2,1632,1631,1,126,127,108,8,10
9,8,M,United Air Lines Inc.,2021,1915,66,2112,2022,50,111,127,98,4,9
9,8,M,United Air Lines Inc.,1553,1552,1,1702,1657,5,129,125,104,10,15
9,8,M,Northwest Airlines Inc.,1648,1650,-2,1747,1753,-6,119,123,101,9,9
9,8,M,United Air Lines Inc.,1211,1202,9,1311,1307,4,120,125,102,8,10
9,9,T,United Air Lines Inc.,1910,1915,-5,2015,2022,-7,125,127,103,8,14
9,9,T,United Air Lines Inc.,911,915,-4,1013,1029,-16,122,134,101,10,11
9,9,T,Northwest Airlines Inc.,1446,1446,0,1546,1549,-3,120,123,98,6,16
9,10,W,Northwest Airlines Inc.,925,910,15,1038,1017,21,133,127,106,14,13
9,10,W,United Air Lines Inc.,911,915,-4,1034,1029,5,143,134,107,13,23
9,10,W,Northwest Airlines Inc.,1653,1650,3,1754,1753,1,121,123,100,7,14
9,11,TH,United Air Lines Inc.,1608,1552,16,1719,1657,22,131,125,111,6,14
9,11,TH,United Air Lines Inc.,1205,1202,3,1315,1307,8,130,125,104,10,16
9,11,TH,Northwest Airlines Inc.,1126,1135,-9,1236,1240,-4,130,125,102,8,20
9,11,TH,United Air Lines Inc.,604,616,-12,730,722,8,146,126,118,8,20
9,12,F,United Air Lines Inc.,1718,1552,86,1831,1657,94,133,125,109,7,17
9,12,F,United Air Lines Inc.,1914,1915,-1,2024,2022,2,130,127,108,9,13
9,12,F,Northwest Airlines Inc.,1648,1650,-2,1759,1753,6,131,123,109,8,14
9,13,SA,United Air Lines Inc.,1533,1524,9,1653,1631,22,140,127,114,6,20
9,13,SA,Northwest Airlines Inc.,1133,1135,-2,1305,1240,25,152,125,114,11,27
9,14,SU,United Air Lines Inc.,1501,1211,170,1556,1316,160,115,125,99,5,11
9,14,SU,Northwest Airlines Inc.,1649,1650,-1,1738,1753,-15,109,123,90,8,11
9,14,SU,Northwest Airlines Inc.,907,910,-3,1016,1017,-1,129,127,103,11,15
9,14,SU,Northwest Airlines Inc.,1444,1446,-2,1545,1549,-4,121,123,93,9,19
9,14,SU,United Air Lines Inc.,1917,1915,2,2017,2022,-5,120,127,99,6,15
9,15,M,United Air Lines Inc.,616,616,0,712,722,-10,116,126,93,9,14
9,15,M,United Air Lines Inc.,1156,1202,-6,1249,1307,-18,113,125,91,7,15
9,15,M,United Air Lines Inc.,922,915,7,1015,1029,-14,113,134,88,7,18
9,16,T,United Air Lines Inc.,908,915,-7,1020,1029,-9,132,134,92,27,13
9,16,T,Northwest Airlines Inc.,1133,1135,-2,1230,1240,-10,117,125,93,9,15
9,16,T,Northwest Airlines Inc.,910,910,0,1007,1017,-10,117,127,90,10,17
9,17,W,United Air Lines Inc.,1156,1202,-6,1258,1307,-9,122,125,97,10,15
9,17,W,United Air Lines Inc.,1910,1915,-5,2011,2022,-11,121,127,99,5,17
9,17,W,Northwest Airlines Inc.,1646,1650,-4,1749,1753,-4,123,123,94,9,20
9,17,W,Northwest Airlines Inc.,2136,2140,-4,2228,2241,-13,112,121,90,7,15
9,17,W,Northwest Airlines Inc.,1157,1135,22,1254,1240,14,117,125,94,8,15
9,17,W,Northwest Airlines Inc.,1445,1446,-1,1539,1549,-10,114,123,92,7,15
9,18,TH,Northwest Airlines Inc.,2139,2140,-1,2233,2241,-8,114,121,89,9,16
9,18,TH,Northwest Airlines Inc.,910,910,0,1009,1017,-8,119,127,95,9,15
9,19,F,United Air Lines Inc.,1909,1915,-6,2015,2022,-7,126,127,94,16,16
9,20,SA,Northwest Airlines Inc.,906,910,-4,1008,1017,-9,122,127,93,11,18
9,21,SU,Northwest Airlines Inc.,909,910,-1,1029,1017,12,140,127,102,13,25
9,21,SU,Northwest Airlines Inc.,1648,1650,-2,1750,1753,-3,122,123,99,8,15
9,21,SU,Northwest Airlines Inc.,1441,1446,-5,1542,1549,-7,121,123,96,6,19
9,22,M,United Air Lines Inc.,909,915,-6,1025,1029,-4,136,134,103,17,16
9,22,M,Northwest Airlines Inc.,2136,2140,-4,2233,2241,-8,117,121,96,8,13
9,23,T,Northwest Airlines Inc.,901,910,-9,1014,1017,-3,133,127,102,10,21
9,25,TH,United Air Lines Inc.,1912,1915,-3,2020,2022,-2,128,127,97,6,25
9,25,TH,Northwest Airlines Inc.,706,712,-6,805,816,-11,119,124,96,9,14
9,26,F,United Air Lines Inc.,2057,1915,102,2154,2022,92,117,127,98,8,11
9,26,F,United Air Lines Inc.,1154,1202,-8,1245,1307,-22,111,125,93,5,13
9,28,SU,Northwest Airlines Inc.,1130,1135,-5,1230,1240,-10,120,125,96,9,15
9,28,SU,Northwest Airlines Inc.,1438,1446,-8,1530,1549,-19,112,123,92,8,12
9,29,M,Northwest Airlines Inc.,1130,1135,-5,1221,1240,-19,111,125,88,8,15
9,29,M,Northwest Airlines Inc.,1658,1650,8,1747,1753,-6,109,123,90,9,10
9,29,M,Northwest Airlines Inc.,909,910,-1,953,1017,-24,104,127,87,8,9
9,30,T,Northwest Airlines Inc.,1649,1650,-1,1747,1753,-6,118,123,94,9,15
10,1,W,Northwest Airlines Inc.,1159,1135,24,1254,1240,14,115,125,90,9,16
10,1,W,United Air Lines Inc.,916,922,-6,1024,1040,-16,128,138,99,8,21
10,2,TH,United Air Lines Inc.,1258,1200,58,1352,1307,45,114,127,86,16,12
10,2,TH,Northwest Airlines Inc.,905,910,-5,950,1017,-27,105,127,87,8,10
10,3,F,United Air Lines Inc.,602,613,-11,704,721,-17,122,128,93,7,22
10,3,F,Northwest Airlines Inc.,1650,1650,0,1753,1753,0,123,123,109,6,8
10,4,SA,United Air Lines Inc.,615,622,-7,714,730,-16,119,128,98,4,17
10,4,SA,Northwest Airlines Inc.,1445,1446,-1,1544,1549,-5,119,123,93,10,16
10,5,SU,United Air Lines Inc.,618,621,-3,714,729,-15,116,128,101,6,9
10,5,SU,Northwest Airlines Inc.,1131,1135,-4,1239,1240,-1,128,125,99,10,19
10,6,M,United Air Lines Inc.,608,613,-5,712,721,-9,124,128,106,9,9
10,6,M,Northwest Airlines Inc.,1130,1135,-5,1237,1240,-3,127,125,101,10,16
10,6,M,Northwest Airlines Inc.,1443,1446,-3,1544,1549,-5,121,123,95,10,16
10,7,T,United Air Lines Inc.,1559,1601,-2,1649,1708,-19,110,127,90,4,16
10,7,T,United Air Lines Inc.,1927,1928,-1,2029,2037,-8,122,129,99,7,16
10,9,TH,Northwest Airlines Inc.,2135,2140,-5,2240,2241,-1,125,121,99,7,19
10,9,TH,United Air Lines Inc.,1216,1200,16,1312,1307,5,116,127,99,8,9
10,9,TH,United Air Lines Inc.,1555,1601,-6,1657,1708,-11,122,127,103,8,11
10,10,F,Northwest Airlines Inc.,1650,1650,0,1814,1753,21,144,123,116,11,17
10,10,F,Northwest Airlines Inc.,914,910,4,1021,1017,4,127,127,107,8,12
10,10,F,United Air Lines Inc.,613,613,0,729,721,8,136,128,116,8,12
10,10,F,Northwest Airlines Inc.,708,712,-4,823,816,7,135,124,108,7,20
10,12,SU,United Air Lines Inc.,1202,1210,-8,1312,1317,-5,130,127,110,3,17
10,12,SU,Northwest Airlines Inc.,2138,2140,-2,2252,2241,11,134,121,110,7,17
10,12,SU,Northwest Airlines Inc.,1133,1135,-2,1249,1240,9,136,125,110,10,16
10,13,M,Northwest Airlines Inc.,1658,1650,8,1803,1753,10,125,123,108,7,10
10,13,M,Northwest Airlines Inc.,2135,2140,-5,2248,2241,7,133,121,109,6,18
10,14,T,Northwest Airlines Inc.,1659,1650,9,1813,1753,20,134,123,108,9,17
10,14,T,United Air Lines Inc.,1156,1200,-4,1305,1307,-2,129,127,110,8,11
10,15,W,Northwest Airlines Inc.,1444,1446,-2,1535,1549,-14,111,123,94,5,12
10,15,W,United Air Lines Inc.,1923,1928,-5,2029,2037,-8,126,129,103,7,16
10,15,W,United Air Lines Inc.,913,922,-9,1018,1040,-22,125,138,104,6,15
10,16,TH,Northwest Airlines Inc.,2135,2140,-5,2231,2241,-10,116,121,98,6,12
10,16,TH,United Air Lines Inc.,1931,1928,3,2037,2037,0,126,129,104,8,14
10,17,F,Northwest Airlines Inc.,1133,1135,-2,1238,1240,-2,125,125,92,8,25
10,17,F,United Air Lines Inc.,1159,1200,-1,1253,1307,-14,114,127,96,5,13
10,17,F,United Air Lines Inc.,1926,1928,-2,2020,2037,-17,114,129,93,8,13
10,17,F,Northwest Airlines Inc.,906,910,-4,1002,1017,-15,116,127,94,6,16
10,18,SA,United Air Lines Inc.,1215,1220,-5,1316,1327,-11,121,127,101,6,14
10,18,SA,United Air Lines Inc.,905,909,-4,1031,1027,4,146,138,103,23,20
10,19,SU,Northwest Airlines Inc.,1132,1135,-3,1234,1240,-6,122,125,100,9,13
10,19,SU,Northwest Airlines Inc.,2132,2140,-8,2230,2241,-11,118,121,97,5,16
10,19,SU,Northwest Airlines Inc.,1648,1650,-2,1751,1753,-2,123,123,102,10,11
10,19,SU,United Air Lines Inc.,614,621,-7,719,729,-10,125,128,107,6,12
10,20,M,Northwest Airlines Inc.,1443,1446,-3,1544,1549,-5,121,123,101,6,14
10,21,T,United Air Lines Inc.,1922,1928,-6,2056,2037,19,154,129,128,9,17
10,21,T,United Air Lines Inc.,1157,1200,-3,1257,1307,-10,120,127,100,6,14
10,21,T,Northwest Airlines Inc.,904,910,-6,959,1017,-18,115,127,95,6,14
10,21,T,United Air Lines Inc.,917,922,-5,1026,1040,-14,129,138,97,18,14
10,21,T,Northwest Airlines Inc.,706,712,-6,759,816,-17,113,124,94,7,12
10,22,W,Northwest Airlines Inc.,1650,1650,0,1750,1753,-3,120,123,99,8,13
10,22,W,United Air Lines Inc.,1923,1928,-5,2034,2037,-3,131,129,98,8,25
10,23,TH,Northwest Airlines Inc.,1132,1135,-3,1223,1240,-17,111,125,85,8,18
10,23,TH,Northwest Airlines Inc.,707,712,-5,803,816,-13,116,124,87,11,18
10,23,TH,United Air Lines Inc.,1926,1928,-2,2021,2037,-16,115,129,86,7,22
10,24,F,Northwest Airlines Inc.,2134,2140,-6,2237,2241,-4,123,121,87,7,29
10,24,F,Northwest Airlines Inc.,1708,1650,18,1801,1753,8,113,123,92,8,13
10,24,F,United Air Lines Inc.,1557,1601,-4,1644,1708,-24,107,127,92,7,8
10,24,F,Northwest Airlines Inc.,1444,1446,-2,1543,1549,-6,119,123,92,11,16
10,24,F,United Air Lines Inc.,921,922,-1,1030,1040,-10,129,138,94,20,15
10,24,F,United Air Lines Inc.,607,613,-6,708,721,-13,121,128,99,8,14
10,24,F,United Air Lines Inc.,1158,1200,-2,1256,1307,-11,118,127,94,8,16
10,25,SA,Northwest Airlines Inc.,708,712,-4,758,816,-18,110,124,90,5,15
10,27,M,Northwest Airlines Inc.,910,910,0,1001,1017,-16,111,127,91,6,14
10,27,M,United Air Lines Inc.,1922,1927,-5,2023,2036,-13,121,129,96,10,15
10,28,T,United Air Lines Inc.,1151,1200,-9,1244,1307,-23,113,127,89,7,17
10,28,T,Northwest Airlines Inc.,1646,1650,-4,1731,1753,-22,105,123,89,6,10
10,28,T,Northwest Airlines Inc.,1130,1135,-5,1224,1240,-16,114,125,87,6,21
10,28,T,United Air Lines Inc.,1920,1927,-7,2019,2036,-17,119,129,93,12,14
10,31,F,United Air Lines Inc.,606,612,-6,657,720,-23,111,128,92,4,15
10,31,F,United Air Lines Inc.,1153,1200,-7,1255,1307,-12,122,127,90,20,12
11,1,SA,United Air Lines Inc.,618,622,-4,716,730,-14,118,128,102,6,10
11,1,SA,United Air Lines Inc.,1526,1532,-6,1652,1641,11,146,129,101,33,12
11,2,SU,Northwest Airlines Inc.,904,910,-6,954,1015,-21,110,125,90,7,13
11,3,M,United Air Lines Inc.,908,914,-6,1036,1037,-1,148,143,106,22,20
11,3,M,Northwest Airlines Inc.,1440,1445,-5,1543,1547,-4,123,122,97,6,20
11,4,T,United Air Lines Inc.,1913,1920,-7,2018,2031,-13,125,131,104,5,16
11,4,T,United Air Lines Inc.,605,612,-7,709,723,-14,124,131,106,5,13
11,4,T,Northwest Airlines Inc.,903,910,-7,1010,1015,-5,127,125,102,9,16
11,4,T,United Air Lines Inc.,1524,1526,-2,1633,1635,-2,129,129,108,8,13
11,5,W,United Air Lines Inc.,1615,1526,49,1712,1635,37,117,129,97,9,11
11,5,W,Northwest Airlines Inc.,1706,1650,16,1813,1757,16,127,127,100,8,19
11,5,W,United Air Lines Inc.,1915,1920,-5,2021,2031,-10,126,131,102,8,16
11,5,W,Northwest Airlines Inc.,1131,1135,-4,1245,1237,8,134,122,104,8,22
11,6,TH,United Air Lines Inc.,1958,1920,38,2052,2031,21,114,131,93,8,13
11,6,TH,Northwest Airlines Inc.,1647,1650,-3,1755,1757,-2,128,127,96,11,21
11,6,TH,United Air Lines Inc.,1224,1230,-6,1311,1341,-30,107,131,91,5,11
11,6,TH,Northwest Airlines Inc.,907,910,-3,1001,1015,-14,114,125,89,9,16
11,7,F,United Air Lines Inc.,1919,1920,-1,2020,2031,-11,121,131,91,9,21
11,7,F,Northwest Airlines Inc.,705,710,-5,819,819,0,134,129,87,9,38
11,8,SA,Northwest Airlines Inc.,2139,2140,-1,2230,2241,-11,111,121,92,5,14
11,8,SA,Northwest Airlines Inc.,902,910,-8,951,1015,-24,109,125,90,8,11
11,8,SA,Northwest Airlines Inc.,1440,1445,-5,1525,1547,-22,105,122,90,5,10
11,8,SA,United Air Lines Inc.,1202,1205,-3,1303,1316,-13,121,131,97,5,19
11,9,SU,Northwest Airlines Inc.,1132,1135,-3,1248,1237,11,136,122,100,6,30
11,9,SU,United Air Lines Inc.,1152,1158,-6,1259,1309,-10,127,131,103,7,17
11,10,M,Northwest Airlines Inc.,911,910,1,1033,1015,18,142,125,101,10,31
11,10,M,Northwest Airlines Inc.,1138,1135,3,1242,1237,5,124,122,95,13,16
11,10,M,United Air Lines Inc.,908,914,-6,1015,1037,-22,127,143,104,9,14
11,10,M,Northwest Airlines Inc.,2136,2140,-4,2230,2241,-11,114,121,93,7,14
11,11,T,United Air Lines Inc.,1949,1920,29,2047,2031,16,118,131,90,5,23
11,11,T,Northwest Airlines Inc.,1709,1650,19,1837,1757,40,148,127,93,10,45
11,11,T,Northwest Airlines Inc.,704,710,-6,813,819,-6,129,129,93,6,30
11,11,T,United Air Lines Inc.,633,612,21,733,723,10,120,131,98,8,14
11,11,T,United Air Lines Inc.,1226,1230,-4,1329,1341,-12,123,131,95,6,22
11,12,W,Northwest Airlines Inc.,1646,1650,-4,1835,1757,38,169,127,104,10,55
11,12,W,United Air Lines Inc.,912,914,-2,1007,1037,-30,115,143,93,6,16
11,13,TH,United Air Lines Inc.,1912,1920,-8,2033,2031,2,141,131,111,8,22
11,13,TH,Northwest Airlines Inc.,2137,2140,-3,2237,2241,-4,120,121,96,5,19
11,13,TH,Northwest Airlines Inc.,1442,1445,-3,1549,1547,2,127,122,98,8,21
11,13,TH,Northwest Airlines Inc.,1646,1650,-4,1748,1757,-9,122,127,103,9,10
11,14,F,United Air Lines Inc.,1227,1230,-3,1325,1341,-16,118,131,99,8,11
11,14,F,United Air Lines Inc.,1914,1920,-6,2020,2031,-11,126,131,95,7,24
11,14,F,Northwest Airlines Inc.,1441,1445,-4,1534,1547,-13,113,122,92,9,12
11,14,F,Northwest Airlines Inc.,704,710,-6,819,819,0,135,129,98,7,30
11,15,SA,United Air Lines Inc.,612,613,-1,707,724,-17,115,131,88,5,22
11,15,SA,United Air Lines Inc.,1459,1504,-5,1545,1615,-30,106,131,95,4,7
11,15,SA,Northwest Airlines Inc.,2130,2140,-10,2223,2241,-18,113,121,92,7,14
11,16,SU,Northwest Airlines Inc.,701,710,-9,811,819,-8,130,129,97,7,26
11,18,T,United Air Lines Inc.,1915,1920,-5,2014,2031,-17,119,131,97,7,15
11,19,W,Northwest Airlines Inc.,907,910,-3,1006,1015,-9,119,125,95,7,17
11,19,W,United Air Lines Inc.,1226,1230,-4,1331,1341,-10,125,131,106,8,11
11,20,TH,Northwest Airlines Inc.,903,910,-7,1017,1015,2,134,125,113,9,12
11,20,TH,Northwest Airlines Inc.,1647,1650,-3,1757,1757,0,130,127,110,12,8
11,21,F,Northwest Airlines Inc.,1150,1135,15,1252,1237,15,122,122,101,10,11
11,21,F,Northwest Airlines Inc.,1442,1445,-3,1543,1547,-4,121,122,101,7,13
11,21,F,Northwest Airlines Inc.,908,910,-2,1015,1015,0,127,125,106,10,11
11,22,SA,United Air Lines Inc.,1501,1504,-3,1603,1615,-12,122,131,102,8,12
11,23,SU,United Air Lines Inc.,1153,1158,-5,1258,1309,-11,125,131,110,4,11
11,23,SU,Northwest Airlines Inc.,705,710,-5,811,819,-8,126,129,105,7,14
11,24,M,United Air Lines Inc.,605,612,-7,705,723,-18,120,131,93,6,21
11,24,M,Northwest Airlines Inc.,1655,1650,5,1745,1757,-12,110,127,93,7,10
11,24,M,Northwest Airlines Inc.,2140,2140,0,2252,2241,11,132,121,88,6,38
11,24,M,United Air Lines Inc.,909,914,-5,1004,1037,-33,115,143,91,6,18
11,24,M,United Air Lines Inc.,1225,1230,-5,1318,1341,-23,113,131,99,5,9
11,25,T,Northwest Airlines Inc.,708,710,-2,820,819,1,132,129,97,9,26
11,26,W,Northwest Airlines Inc.,1234,1135,59,1326,1237,49,112,122,94,8,10
11,26,W,Northwest Airlines Inc.,2136,2140,-4,2230,2241,-11,114,121,97,6,11
11,26,W,Northwest Airlines Inc.,1441,1445,-4,1546,1547,-1,125,122,98,10,17
11,26,W,Northwest Airlines Inc.,910,910,0,1008,1015,-7,118,125,95,5,18
11,26,W,Northwest Airlines Inc.,1644,1650,-6,1735,1757,-22,111,127,97,6,8
11,26,W,Northwest Airlines Inc.,706,710,-4,812,819,-7,126,129,93,8,25
11,27,TH,United Air Lines Inc.,1230,1230,0,1330,1339,-9,120,129,104,6,10
11,28,F,Northwest Airlines Inc.,1445,1445,0,1541,1547,-6,116,122,94,9,13
11,28,F,Northwest Airlines Inc.,1133,1135,-2,1230,1237,-7,117,122,93,11,13
11,28,F,Northwest Airlines Inc.,1643,1650,-7,1741,1757,-16,118,127,99,9,10
11,29,SA,United Air Lines Inc.,1159,1202,-3,1248,1313,-25,109,131,94,4,11
11,29,SA,Northwest Airlines Inc.,2152,2140,12,2242,2241,1,110,121,86,8,16
11,29,SA,United Air Lines Inc.,746,750,-4,839,913,-34,113,143,94,5,14
11,29,SA,Northwest Airlines Inc.,910,910,0,957,1015,-18,107,125,90,5,12
11,30,SU,Northwest Airlines Inc.,907,910,-3,1037,1015,22,150,125,106,10,34
11,30,SU,United Air Lines Inc.,744,750,-6,914,913,1,150,143,102,9,39
11,30,SU,United Air Lines Inc.,1223,1215,8,1323,1326,-3,120,131,98,6,16
12,1,M,Northwest Airlines Inc.,715,710,5,755,819,-24,100,129,84,8,8
12,1,M,United Air Lines Inc.,611,612,-1,658,723,-25,107,131,90,5,12
12,1,M,United Air Lines Inc.,1956,1924,32,2047,2035,12,111,131,93,5,13
12,2,T,Northwest Airlines Inc.,1702,1650,12,1815,1757,18,133,127,107,10,16
12,2,T,Northwest Airlines Inc.,1135,1135,0,1239,1237,2,124,122,104,5,15
12,2,T,United Air Lines Inc.,1919,1920,-1,2043,2031,12,144,131,114,9,21
12,2,T,Northwest Airlines Inc.,910,910,0,1012,1015,-3,122,125,100,9,13
12,3,W,Northwest Airlines Inc.,2139,2140,-1,2240,2241,-1,121,121,100,6,15
12,3,W,United Air Lines Inc.,1225,1230,-5,1334,1341,-7,129,131,113,7,9
12,4,TH,United Air Lines Inc.,1605,1526,39,1720,1635,45,135,129,108,12,15
12,4,TH,Northwest Airlines Inc.,703,710,-7,835,819,16,152,129,122,11,19
12,4,TH,Northwest Airlines Inc.,910,910,0,1104,1015,49,174,125,151,12,11
12,4,TH,Northwest Airlines Inc.,2134,2140,-6,2236,2241,-5,122,121,95,14,13
12,5,F,United Air Lines Inc.,1916,1920,-4,2047,2031,16,151,131,97,9,45
12,5,F,United Air Lines Inc.,915,914,1,1008,1037,-29,113,143,94,6,13
12,5,F,United Air Lines Inc.,1240,1230,10,1333,1341,-8,113,131,97,5,11
12,6,SA,Northwest Airlines Inc.,1444,1445,-1,1555,1547,8,131,122,93,7,31
12,6,SA,Northwest Airlines Inc.,1140,1135,5,1242,1237,5,122,122,97,10,15
12,7,SU,Northwest Airlines Inc.,1151,1135,16,1321,1237,44,150,122,101,8,41
12,7,SU,Northwest Airlines Inc.,2141,2140,1,2311,2241,30,150,121,99,7,44
12,7,SU,Northwest Airlines Inc.,1723,1650,33,1948,1757,111,205,127,100,8,97
12,7,SU,Northwest Airlines Inc.,906,910,-4,1019,1015,4,133,125,106,7,20
12,8,M,Northwest Airlines Inc.,914,910,4,1022,1015,7,128,125,101,11,16
12,8,M,United Air Lines Inc.,910,914,-4,1021,1037,-16,131,143,107,11,13
12,9,T,Northwest Airlines Inc.,911,910,1,1039,1015,24,148,125,99,10,39
12,10,W,Northwest Airlines Inc.,1649,1650,-1,1746,1757,-11,117,127,96,7,14
12,10,W,United Air Lines Inc.,1521,1526,-5,1617,1635,-18,116,129,96,6,14
12,10,W,Northwest Airlines Inc.,1132,1135,-3,1232,1237,-5,120,122,98,8,14
12,10,W,United Air Lines Inc.,1224,1230,-6,1323,1341,-18,119,131,99,8,12
12,11,TH,United Air Lines Inc.,1917,1920,-3,2030,2031,-1,133,131,105,6,22
12,11,TH,Northwest Airlines Inc.,2137,2140,-3,2247,2241,6,130,121,96,7,27
12,11,TH,United Air Lines Inc.,1227,1230,-3,1329,1341,-12,122,131,108,6,8
12,11,TH,United Air Lines Inc.,906,914,-8,1019,1037,-18,133,143,107,5,21
12,15,M,Northwest Airlines Inc.,815,710,65,922,819,63,127,129,106,6,15
12,15,M,Northwest Airlines Inc.,1520,1445,35,1633,1547,46,133,122,109,9,15
12,15,M,Northwest Airlines Inc.,2151,2140,11,2320,2241,39,149,121,120,9,20
12,15,M,United Air Lines Inc.,1231,1230,1,1346,1341,5,135,131,115,9,11
12,15,M,United Air Lines Inc.,1917,1920,-3,2038,2031,7,141,131,120,8,13
12,16,T,United Air Lines Inc.,1527,1526,1,1726,1635,51,179,129,120,7,52
12,16,T,Northwest Airlines Inc.,707,710,-3,825,819,6,138,129,112,7,19
12,16,T,United Air Lines Inc.,610,612,-2,729,723,6,139,131,116,7,16
12,17,W,Northwest Airlines Inc.,1346,1317,29,1513,1424,49,147,127,121,8,18
12,17,W,Northwest Airlines Inc.,701,705,-4,842,818,24,161,133,122,11,28
12,17,W,United Air Lines Inc.,1920,1920,0,2045,2031,14,145,131,125,5,15
12,17,W,United Air Lines Inc.,1226,1230,-4,1351,1341,10,145,131,128,4,13
12,18,TH,Northwest Airlines Inc.,1650,1650,0,1821,1800,21,151,130,120,12,19
12,18,TH,United Air Lines Inc.,1925,1920,5,2100,2031,29,155,131,129,10,16
12,18,TH,Northwest Airlines Inc.,702,705,-3,821,818,3,139,133,102,9,28
12,19,F,United Air Lines Inc.,2059,1920,99,2216,2031,105,137,131,118,5,14
12,19,F,Northwest Airlines Inc.,1441,1427,14,1555,1534,21,134,127,112,11,11
12,19,F,United Air Lines Inc.,1607,1544,23,1732,1653,39,145,129,120,12,13
12,19,F,Northwest Airlines Inc.,704,705,-1,841,818,23,157,133,113,7,37
12,19,F,United Air Lines Inc.,623,610,13,803,721,42,160,131,110,7,43
12,19,F,Northwest Airlines Inc.,1648,1650,-2,1756,1800,-4,128,130,111,6,11
12,20,SA,Northwest Airlines Inc.,1514,1427,47,1716,1534,102,182,127,104,9,69
12,21,SU,Northwest Airlines Inc.,1110,915,115,1213,1023,110,123,128,97,10,16
12,21,SU,Northwest Airlines Inc.,819,705,74,934,818,76,135,133,104,8,23
12,21,SU,Northwest Airlines Inc.,1533,1427,66,1652,1534,78,139,127,96,15,28
12,21,SU,United Air Lines Inc.,607,610,-3,721,721,0,134,131,106,6,22
12,22,M,United Air Lines Inc.,1542,1544,-2,1652,1653,-1,130,129,108,10,12
12,22,M,United Air Lines Inc.,754,755,-1,911,918,-7,137,143,109,8,20
12,22,M,Northwest Airlines Inc.,1138,1125,13,1245,1232,13,127,127,107,7,13
12,22,M,United Air Lines Inc.,1919,1920,-1,2032,2031,1,133,131,110,6,17
12,23,T,United Air Lines Inc.,1802,1544,138,1905,1653,132,123,129,101,8,14
12,23,T,Northwest Airlines Inc.,2315,2145,90,17,2252,85,122,127,97,10,15
12,23,T,United Air Lines Inc.,752,755,-3,917,918,-1,145,143,116,7,22
12,24,W,Northwest Airlines Inc.,932,915,17,1037,1023,14,125,128,99,7,19
12,24,W,United Air Lines Inc.,1552,1544,8,1649,1653,-4,117,129,99,7,11
12,24,W,Northwest Airlines Inc.,1428,1427,1,1532,1534,-2,124,127,99,6,19
12,24,W,Northwest Airlines Inc.,1658,1650,8,1811,1800,11,133,130,103,10,20
12,25,TH,United Air Lines Inc.,1248,1249,-1,1405,1358,7,137,129,118,7,12
12,25,TH,United Air Lines Inc.,610,610,0,726,721,5,136,131,114,8,14
12,26,F,United Air Lines Inc.,1400,1249,71,1523,1358,85,143,129,121,8,14
12,26,F,Northwest Airlines Inc.,1653,1650,3,1816,1800,16,143,130,115,13,15
12,26,F,United Air Lines Inc.,751,755,-4,914,918,-4,143,143,117,11,15
12,27,SA,United Air Lines Inc.,1336,1249,47,1445,1400,45,129,131,102,8,19
12,27,SA,United Air Lines Inc.,1612,1555,17,1708,1706,2,116,131,100,7,9
12,27,SA,United Air Lines Inc.,755,755,0,907,918,-11,132,143,109,5,18
12,28,SU,United Air Lines Inc.,752,755,-3,853,918,-25,121,143,99,5,17
12,28,SU,United Air Lines Inc.,1916,1920,-4,2019,2031,-12,123,131,100,8,15
12,29,M,Northwest Airlines Inc.,1127,1125,2,1230,1232,-2,123,127,102,9,12
12,29,M,Northwest Airlines Inc.,1315,1317,-2,1416,1424,-8,121,127,101,7,13
12,29,M,United Air Lines Inc.,1245,1249,-4,1351,1358,-7,126,129,104,10,12
12,30,T,Northwest Airlines Inc.,1150,1125,25,1323,1232,51,153,127,108,8,37
12,30,T,Northwest Airlines Inc.,1704,1650,14,1836,1800,36,152,130,107,9,36
12,30,T,United Air Lines Inc.,749,755,-6,929,918,11,160,143,112,9,39
12,31,W,Northwest Airlines Inc.,943,915,28,1047,1023,24,124,128,102,5,17
12,31,W,United Air Lines Inc.,753,755,-2,901,918,-17,128,143,106,5,17
